,index,draw,location_id,value
0,0,draw_0,159,0.2662884138528764
1,1,draw_0,166,0.20255200936310974
2,2,draw_1,159,0.27217697574692623
3,3,draw_1,166,0.20840417376748535
4,4,draw_10,159,0.27557270803081346
5,5,draw_10,166,0.2054114259413511
6,6,draw_100,159,0.2771172449622787
7,7,draw_100,166,0.2113271418760495
8,8,draw_101,159,0.27219676761043937
9,9,draw_101,166,0.20618077917943556
10,10,draw_102,159,0.2718637486325003
11,11,draw_102,166,0.20513027591116786
12,12,draw_103,159,0.28512144473430234
13,13,draw_103,166,0.20877089194252899
14,14,draw_104,159,0.27799316515734657
15,15,draw_104,166,0.2112010131041052
16,16,draw_105,159,0.2705523230815552
17,17,draw_105,166,0.2137761591659246
18,18,draw_106,159,0.27837372304558633
19,19,draw_106,166,0.20840420778328422
20,20,draw_107,159,0.2709026337172563
21,21,draw_107,166,0.20593763367233772
22,22,draw_108,159,0.27310637084257533
23,23,draw_108,166,0.21201546531559431
24,24,draw_109,159,0.2795806890013313
25,25,draw_109,166,0.20961854369068442
26,26,draw_11,159,0.28086854049347953
27,27,draw_11,166,0.20989451763362335
28,28,draw_110,159,0.2728477975108347
29,29,draw_110,166,0.21091216524597037
30,30,draw_111,159,0.27766923533126553
31,31,draw_111,166,0.2088837996642135
32,32,draw_112,159,0.26987565010019393
33,33,draw_112,166,0.2063922218868596
34,34,draw_113,159,0.2690459447839713
35,35,draw_113,166,0.2125867806036215
36,36,draw_114,159,0.2680561720530311
37,37,draw_114,166,0.2083417860818472
38,38,draw_115,159,0.2826624093735874
39,39,draw_115,166,0.20726927565658929
40,40,draw_116,159,0.27850193504748266
41,41,draw_116,166,0.21045403562743045
42,42,draw_117,159,0.2772952602735609
43,43,draw_117,166,0.2065822160583988
44,44,draw_118,159,0.2739376749328308
45,45,draw_118,166,0.20946562881194547
46,46,draw_119,159,0.27058985207681585
47,47,draw_119,166,0.20775265041095023
48,48,draw_12,159,0.27136175373300403
49,49,draw_12,166,0.2049854798615833
50,50,draw_120,159,0.2686161036811837
51,51,draw_120,166,0.20547673896571494
52,52,draw_121,159,0.27602327894836537
53,53,draw_121,166,0.1982674529996734
54,54,draw_122,159,0.26645663122507646
55,55,draw_122,166,0.20885675961587627
56,56,draw_123,159,0.2731520436957095
57,57,draw_123,166,0.20843659524372046
58,58,draw_124,159,0.28140120710384964
59,59,draw_124,166,0.20281278279399625
60,60,draw_125,159,0.2716782884154261
61,61,draw_125,166,0.20784975737403166
62,62,draw_126,159,0.2697891972093339
63,63,draw_126,166,0.20713728966989237
64,64,draw_127,159,0.26844180725672634
65,65,draw_127,166,0.20679800044819507
66,66,draw_128,159,0.2698294250956418
67,67,draw_128,166,0.21061813946594155
68,68,draw_129,159,0.27412630262717963
69,69,draw_129,166,0.20888588491091545
70,70,draw_13,159,0.28012006457780775
71,71,draw_13,166,0.2086466250108504
72,72,draw_130,159,0.2792316598673839
73,73,draw_130,166,0.20681910846263563
74,74,draw_131,159,0.2744934459286191
75,75,draw_131,166,0.20863950191230268
76,76,draw_132,159,0.2807048501790023
77,77,draw_132,166,0.20704620441186433
78,78,draw_133,159,0.2726417729636124
79,79,draw_133,166,0.20406737845827633
80,80,draw_134,159,0.274667113559193
81,81,draw_134,166,0.20948745075424374
82,82,draw_135,159,0.27799966874932774
83,83,draw_135,166,0.20602138461472227
84,84,draw_136,159,0.2762686185444829
85,85,draw_136,166,0.21118852117126286
86,86,draw_137,159,0.28113354641261007
87,87,draw_137,166,0.21451511389832278
88,88,draw_138,159,0.27667182397764445
89,89,draw_138,166,0.2070102744807639
90,90,draw_139,159,0.27180406295356685
91,91,draw_139,166,0.2044852250797811
92,92,draw_14,159,0.2706893770924335
93,93,draw_14,166,0.20629361566503482
94,94,draw_140,159,0.2743335864947729
95,95,draw_140,166,0.20335131149063962
96,96,draw_141,159,0.2783874426967648
97,97,draw_141,166,0.20734650306828964
98,98,draw_142,159,0.2700533566975392
99,99,draw_142,166,0.21380967705956055
100,100,draw_143,159,0.2824037794519823
101,101,draw_143,166,0.20598508456804973
102,102,draw_144,159,0.2706201474896816
103,103,draw_144,166,0.2100753514681578
104,104,draw_145,159,0.2716040351387664
105,105,draw_145,166,0.2030063625452658
106,106,draw_146,159,0.2759565902369022
107,107,draw_146,166,0.20505273494813991
108,108,draw_147,159,0.27493243237181436
109,109,draw_147,166,0.20809340102748408
110,110,draw_148,159,0.2683957902692612
111,111,draw_148,166,0.20337856856026051
112,112,draw_149,159,0.27781028467407737
113,113,draw_149,166,0.20595484751188756
114,114,draw_15,159,0.27439445573517623
115,115,draw_15,166,0.20299025363579828
116,116,draw_150,159,0.27061598867257014
117,117,draw_150,166,0.20099992623890842
118,118,draw_151,159,0.27899774708175157
119,119,draw_151,166,0.2083521657206273
120,120,draw_152,159,0.26950700554720886
121,121,draw_152,166,0.20939127906209218
122,122,draw_153,159,0.272209451713892
123,123,draw_153,166,0.2016224639126998
124,124,draw_154,159,0.2839882057054142
125,125,draw_154,166,0.2026924202190899
126,126,draw_155,159,0.27398008565039705
127,127,draw_155,166,0.20699074068602719
128,128,draw_156,159,0.27751236314581895
129,129,draw_156,166,0.20983635023303593
130,130,draw_157,159,0.278298302333854
131,131,draw_157,166,0.20831082503734186
132,132,draw_158,159,0.2717594397044522
133,133,draw_158,166,0.20676453525289007
134,134,draw_159,159,0.2740430193241476
135,135,draw_159,166,0.19956880536848515
136,136,draw_16,159,0.2806667196743355
137,137,draw_16,166,0.20872421915117803
138,138,draw_160,159,0.2761026057550429
139,139,draw_160,166,0.20216358961048364
140,140,draw_161,159,0.2822715216982662
141,141,draw_161,166,0.20925985796793176
142,142,draw_162,159,0.2686660099571367
143,143,draw_162,166,0.2016713021571521
144,144,draw_163,159,0.2663507737742682
145,145,draw_163,166,0.20598009207895582
146,146,draw_164,159,0.27263609202470596
147,147,draw_164,166,0.21565355911823403
148,148,draw_165,159,0.2746549030279309
149,149,draw_165,166,0.20433097606052897
150,150,draw_166,159,0.274128217719179
151,151,draw_166,166,0.2040328225249407
152,152,draw_167,159,0.27594051323068475
153,153,draw_167,166,0.21791789848363288
154,154,draw_168,159,0.2751615440746012
155,155,draw_168,166,0.21033541025291838
156,156,draw_169,159,0.274631125467545
157,157,draw_169,166,0.20227227913195028
158,158,draw_17,159,0.28273665991573993
159,159,draw_17,166,0.20574537436491044
160,160,draw_170,159,0.2731976835427175
161,161,draw_170,166,0.20775902370158802
162,162,draw_171,159,0.28449888401865403
163,163,draw_171,166,0.2098620003489453
164,164,draw_172,159,0.26942695821192103
165,165,draw_172,166,0.2058078138694375
166,166,draw_173,159,0.27839766188162995
167,167,draw_173,166,0.20544355103419185
168,168,draw_174,159,0.274590880433368
169,169,draw_174,166,0.1976660257886698
170,170,draw_175,159,0.27740921384509265
171,171,draw_175,166,0.2062077123426436
172,172,draw_176,159,0.2664703591298389
173,173,draw_176,166,0.2084873390230011
174,174,draw_177,159,0.26774428744625867
175,175,draw_177,166,0.2112047057701118
176,176,draw_178,159,0.2734069909189888
177,177,draw_178,166,0.20805881014754368
178,178,draw_179,159,0.2748085899880715
179,179,draw_179,166,0.20022225321511875
180,180,draw_18,159,0.28480620170416315
181,181,draw_18,166,0.21032014508923483
182,182,draw_180,159,0.2676197861532565
183,183,draw_180,166,0.2049363485086608
184,184,draw_181,159,0.272725730611697
185,185,draw_181,166,0.21260601452562067
186,186,draw_182,159,0.27912909907349476
187,187,draw_182,166,0.2008577781604153
188,188,draw_183,159,0.2706784916725625
189,189,draw_183,166,0.2023509124985144
190,190,draw_184,159,0.27901227907988896
191,191,draw_184,166,0.20622265665608688
192,192,draw_185,159,0.26792283904126435
193,193,draw_185,166,0.20777587947246237
194,194,draw_186,159,0.28693381983299066
195,195,draw_186,166,0.20709478552362234
196,196,draw_187,159,0.2627894993396834
197,197,draw_187,166,0.20750748463806576
198,198,draw_188,159,0.2836761959009502
199,199,draw_188,166,0.20675991612653188
200,200,draw_189,159,0.2761441950369168
201,201,draw_189,166,0.20736958035186714
202,202,draw_19,159,0.28144921823179925
203,203,draw_19,166,0.2113789449140363
204,204,draw_190,159,0.275777855941498
205,205,draw_190,166,0.20923630905984997
206,206,draw_191,159,0.2770723357855783
207,207,draw_191,166,0.20562036593285038
208,208,draw_192,159,0.2666181990786844
209,209,draw_192,166,0.2075422966946199
210,210,draw_193,159,0.28131228711474654
211,211,draw_193,166,0.2083662363416084
212,212,draw_194,159,0.27485159364036615
213,213,draw_194,166,0.2110488666665837
214,214,draw_195,159,0.268109521478162
215,215,draw_195,166,0.2118099363038529
216,216,draw_196,159,0.2726768822619139
217,217,draw_196,166,0.20605623607891882
218,218,draw_197,159,0.2743581478134223
219,219,draw_197,166,0.20697521031418664
220,220,draw_198,159,0.2759374889011947
221,221,draw_198,166,0.21048261443249713
222,222,draw_199,159,0.27587459050367585
223,223,draw_199,166,0.20465932742522433
224,224,draw_2,159,0.273506366549846
225,225,draw_2,166,0.2104921225748912
226,226,draw_20,159,0.2693468313556086
227,227,draw_20,166,0.21294239582397803
228,228,draw_200,159,0.27563714672391093
229,229,draw_200,166,0.2033013271820562
230,230,draw_201,159,0.27040187734749144
231,231,draw_201,166,0.20712472420300845
232,232,draw_202,159,0.2828162103181809
233,233,draw_202,166,0.2088504809315898
234,234,draw_203,159,0.2725452493855325
235,235,draw_203,166,0.20659211955941437
236,236,draw_204,159,0.2665322299944376
237,237,draw_204,166,0.20676691276690853
238,238,draw_205,159,0.2817653874713476
239,239,draw_205,166,0.20872620160049002
240,240,draw_206,159,0.27320792906793745
241,241,draw_206,166,0.20881653529145572
242,242,draw_207,159,0.27338863662113244
243,243,draw_207,166,0.2098187478303799
244,244,draw_208,159,0.2753664394440429
245,245,draw_208,166,0.20418786528996857
246,246,draw_209,159,0.27182429525323193
247,247,draw_209,166,0.20401388616243538
248,248,draw_21,159,0.27457802072761467
249,249,draw_21,166,0.20772052305834632
250,250,draw_210,159,0.26747753986518064
251,251,draw_210,166,0.2055501895632512
252,252,draw_211,159,0.2817710154015361
253,253,draw_211,166,0.20789997051237014
254,254,draw_212,159,0.289294903432316
255,255,draw_212,166,0.2063648451874846
256,256,draw_213,159,0.2852887095767102
257,257,draw_213,166,0.20886192377291904
258,258,draw_214,159,0.27907216440106375
259,259,draw_214,166,0.20790201832633148
260,260,draw_215,159,0.27597421757227253
261,261,draw_215,166,0.21174081458508934
262,262,draw_216,159,0.26975402644074425
263,263,draw_216,166,0.20722436170473926
264,264,draw_217,159,0.2763541242375448
265,265,draw_217,166,0.21653332765710273
266,266,draw_218,159,0.27818998302408887
267,267,draw_218,166,0.2032582858304744
268,268,draw_219,159,0.27186782100937734
269,269,draw_219,166,0.20252512271109338
270,270,draw_22,159,0.2838367076145673
271,271,draw_22,166,0.20547709110627504
272,272,draw_220,159,0.2786940752104115
273,273,draw_220,166,0.2055051982308161
274,274,draw_221,159,0.2838982734768322
275,275,draw_221,166,0.2078679106226831
276,276,draw_222,159,0.2831346841164461
277,277,draw_222,166,0.20823141249131463
278,278,draw_223,159,0.27051835966040844
279,279,draw_223,166,0.20783100295334417
280,280,draw_224,159,0.27793115247577277
281,281,draw_224,166,0.20653187162322997
282,282,draw_225,159,0.27988096027085174
283,283,draw_225,166,0.20542812051525
284,284,draw_226,159,0.28256773236242094
285,285,draw_226,166,0.19658581506505335
286,286,draw_227,159,0.2653893692128561
287,287,draw_227,166,0.2093808649222282
288,288,draw_228,159,0.2758883127451389
289,289,draw_228,166,0.20607570373525336
290,290,draw_229,159,0.28012832585607716
291,291,draw_229,166,0.203768105034779
292,292,draw_23,159,0.27504949679958823
293,293,draw_23,166,0.20198223662273668
294,294,draw_230,159,0.27327649505627233
295,295,draw_230,166,0.19741099647234828
296,296,draw_231,159,0.26791790576784413
297,297,draw_231,166,0.1976937082060922
298,298,draw_232,159,0.278348470810756
299,299,draw_232,166,0.203899184071793
300,300,draw_233,159,0.28027128186164585
301,301,draw_233,166,0.20994047084275066
302,302,draw_234,159,0.2771029503702297
303,303,draw_234,166,0.20501239513569333
304,304,draw_235,159,0.2717695202809268
305,305,draw_235,166,0.21879688211430173
306,306,draw_236,159,0.28053354455950946
307,307,draw_236,166,0.2050013629581703
308,308,draw_237,159,0.27654855347689283
309,309,draw_237,166,0.2090513818887064
310,310,draw_238,159,0.2766135929047602
311,311,draw_238,166,0.2084440213795895
312,312,draw_239,159,0.2728224609154666
313,313,draw_239,166,0.20803257059465768
314,314,draw_24,159,0.28035732625426485
315,315,draw_24,166,0.20409606344102638
316,316,draw_240,159,0.2801690904251881
317,317,draw_240,166,0.20705956196724024
318,318,draw_241,159,0.27760521078015193
319,319,draw_241,166,0.2088827895375679
320,320,draw_242,159,0.2784944713318432
321,321,draw_242,166,0.2068363933226593
322,322,draw_243,159,0.27312834219123705
323,323,draw_243,166,0.20518772272154462
324,324,draw_244,159,0.2840749168630349
325,325,draw_244,166,0.20468074108768902
326,326,draw_245,159,0.28412639027277836
327,327,draw_245,166,0.2039835362018579
328,328,draw_246,159,0.27369844750209393
329,329,draw_246,166,0.20957350053350093
330,330,draw_247,159,0.2792693433054965
331,331,draw_247,166,0.21485210394597973
332,332,draw_248,159,0.28332120403688843
333,333,draw_248,166,0.20160842996730455
334,334,draw_249,159,0.2813986718244712
335,335,draw_249,166,0.20919385173013075
336,336,draw_25,159,0.2699239485225366
337,337,draw_25,166,0.20807632740157178
338,338,draw_250,159,0.269187403936104
339,339,draw_250,166,0.20755309694547064
340,340,draw_251,159,0.28391740611278704
341,341,draw_251,166,0.20644230929488827
342,342,draw_252,159,0.27018432949511717
343,343,draw_252,166,0.20581297951198782
344,344,draw_253,159,0.27383062206734926
345,345,draw_253,166,0.20216220161292486
346,346,draw_254,159,0.28165612486853797
347,347,draw_254,166,0.21125514133316767
348,348,draw_255,159,0.2736096133026974
349,349,draw_255,166,0.21907197961822047
350,350,draw_256,159,0.2646196730349494
351,351,draw_256,166,0.20258938774398064
352,352,draw_257,159,0.27320995393243713
353,353,draw_257,166,0.20235030365687345
354,354,draw_258,159,0.27816992806183694
355,355,draw_258,166,0.2126601586095531
356,356,draw_259,159,0.2722035326911657
357,357,draw_259,166,0.20336518301763992
358,358,draw_26,159,0.2754496829563696
359,359,draw_26,166,0.2069572174621586
360,360,draw_260,159,0.27577558837919874
361,361,draw_260,166,0.20090764791891436
362,362,draw_261,159,0.2721093045018349
363,363,draw_261,166,0.20567810943758066
364,364,draw_262,159,0.27887325927601875
365,365,draw_262,166,0.2053857161471553
366,366,draw_263,159,0.2758784820363839
367,367,draw_263,166,0.20959877411830688
368,368,draw_264,159,0.27567038300306
369,369,draw_264,166,0.19879336703317643
370,370,draw_265,159,0.2817988293891657
371,371,draw_265,166,0.20761131416742404
372,372,draw_266,159,0.26914043453107456
373,373,draw_266,166,0.20278119465630115
374,374,draw_267,159,0.2705995598807907
375,375,draw_267,166,0.20790109383347644
376,376,draw_268,159,0.2783832376273945
377,377,draw_268,166,0.2117984357619802
378,378,draw_269,159,0.2725195652273357
379,379,draw_269,166,0.2100195547644242
380,380,draw_27,159,0.2658569046613029
381,381,draw_27,166,0.204839140385199
382,382,draw_270,159,0.2789843413781244
383,383,draw_270,166,0.20295566636179485
384,384,draw_271,159,0.27315527923024124
385,385,draw_271,166,0.20294235894389998
386,386,draw_272,159,0.2738581132883724
387,387,draw_272,166,0.2094228483060956
388,388,draw_273,159,0.2752607103237591
389,389,draw_273,166,0.20476777409063318
390,390,draw_274,159,0.2712376164792369
391,391,draw_274,166,0.20664160853771119
392,392,draw_275,159,0.27806031443207935
393,393,draw_275,166,0.20549336318253494
394,394,draw_276,159,0.27370555946022757
395,395,draw_276,166,0.2124855822595848
396,396,draw_277,159,0.27902891731803947
397,397,draw_277,166,0.20544704967334548
398,398,draw_278,159,0.2768648197247731
399,399,draw_278,166,0.20831877184769385
400,400,draw_279,159,0.2818654655674919
401,401,draw_279,166,0.21086576337125973
402,402,draw_28,159,0.279349629315786
403,403,draw_28,166,0.20961262274652656
404,404,draw_280,159,0.28265801137743946
405,405,draw_280,166,0.20615253211097462
406,406,draw_281,159,0.2840596809093029
407,407,draw_281,166,0.20899720056057497
408,408,draw_282,159,0.26888434143167983
409,409,draw_282,166,0.20620995194665975
410,410,draw_283,159,0.2778001358953449
411,411,draw_283,166,0.20371904857400847
412,412,draw_284,159,0.2694247730135462
413,413,draw_284,166,0.21332167015905462
414,414,draw_285,159,0.2733094908803886
415,415,draw_285,166,0.20869069904711052
416,416,draw_286,159,0.2693842177107329
417,417,draw_286,166,0.20219418103624753
418,418,draw_287,159,0.2764967519017683
419,419,draw_287,166,0.20893060418195744
420,420,draw_288,159,0.27627446854380755
421,421,draw_288,166,0.20635213879846323
422,422,draw_289,159,0.2775156973487603
423,423,draw_289,166,0.2003000134916543
424,424,draw_29,159,0.2671966550428612
425,425,draw_29,166,0.20665995417957736
426,426,draw_290,159,0.2830009952322416
427,427,draw_290,166,0.20772833294247606
428,428,draw_291,159,0.27274608014714474
429,429,draw_291,166,0.21290137715722615
430,430,draw_292,159,0.27485145733512745
431,431,draw_292,166,0.2002487939615598
432,432,draw_293,159,0.2652004745313292
433,433,draw_293,166,0.20660830576270275
434,434,draw_294,159,0.28573444022962835
435,435,draw_294,166,0.20698454589128362
436,436,draw_295,159,0.2749266265528073
437,437,draw_295,166,0.20791924310983434
438,438,draw_296,159,0.2641825815878596
439,439,draw_296,166,0.20796930169914396
440,440,draw_297,159,0.26806649691837386
441,441,draw_297,166,0.2085168375492477
442,442,draw_298,159,0.28623409499311125
443,443,draw_298,166,0.20859773741317414
444,444,draw_299,159,0.27672568287941485
445,445,draw_299,166,0.2058667846122701
446,446,draw_3,159,0.2734374192198903
447,447,draw_3,166,0.21027131550220668
448,448,draw_30,159,0.27946177588273524
449,449,draw_30,166,0.20639730170955065
450,450,draw_300,159,0.2732727102029708
451,451,draw_300,166,0.21695367850479125
452,452,draw_301,159,0.26501939503593747
453,453,draw_301,166,0.20382519857039838
454,454,draw_302,159,0.26931039058598766
455,455,draw_302,166,0.20996565610473963
456,456,draw_303,159,0.2694498966104333
457,457,draw_303,166,0.20905119832024555
458,458,draw_304,159,0.2698081206213954
459,459,draw_304,166,0.21417874728782968
460,460,draw_305,159,0.26214786269199164
461,461,draw_305,166,0.21080145597629793
462,462,draw_306,159,0.2721308315754679
463,463,draw_306,166,0.21199332590381958
464,464,draw_307,159,0.2650572400819223
465,465,draw_307,166,0.21608353242610417
466,466,draw_308,159,0.2795580428648454
467,467,draw_308,166,0.2058514031698398
468,468,draw_309,159,0.2827415653409205
469,469,draw_309,166,0.21271788410956807
470,470,draw_31,159,0.2748411241428721
471,471,draw_31,166,0.2148799759961314
472,472,draw_310,159,0.26665845506330155
473,473,draw_310,166,0.20323726594495745
474,474,draw_311,159,0.2708778997999236
475,475,draw_311,166,0.2083165104695985
476,476,draw_312,159,0.2664719381714591
477,477,draw_312,166,0.2094359667682336
478,478,draw_313,159,0.27658220180475407
479,479,draw_313,166,0.20438146967240903
480,480,draw_314,159,0.2761823364756681
481,481,draw_314,166,0.2098040510298136
482,482,draw_315,159,0.28118408184996857
483,483,draw_315,166,0.20035200917703067
484,484,draw_316,159,0.26469796779967686
485,485,draw_316,166,0.19922779562001278
486,486,draw_317,159,0.27468104023035594
487,487,draw_317,166,0.20519735636931544
488,488,draw_318,159,0.2716579025365244
489,489,draw_318,166,0.20690915361290374
490,490,draw_319,159,0.2653192882423576
491,491,draw_319,166,0.20669835869634637
492,492,draw_32,159,0.28276640370809325
493,493,draw_32,166,0.20288041846311014
494,494,draw_320,159,0.27277733032957213
495,495,draw_320,166,0.2075955021631819
496,496,draw_321,159,0.2686606137283632
497,497,draw_321,166,0.21111686165021318
498,498,draw_322,159,0.27955911142576234
499,499,draw_322,166,0.2022360548018633
500,500,draw_323,159,0.27296489469446183
501,501,draw_323,166,0.20659747197246836
502,502,draw_324,159,0.2709018087716257
503,503,draw_324,166,0.20500081199837475
504,504,draw_325,159,0.27190559844635076
505,505,draw_325,166,0.21264486011466419
506,506,draw_326,159,0.2647129080411336
507,507,draw_326,166,0.2059761774324182
508,508,draw_327,159,0.26669549321539515
509,509,draw_327,166,0.20018051340025042
510,510,draw_328,159,0.27484706088578637
511,511,draw_328,166,0.21767381018654078
512,512,draw_329,159,0.27072442662948376
513,513,draw_329,166,0.20403086528841285
514,514,draw_33,159,0.2755661758800111
515,515,draw_33,166,0.20160633277243933
516,516,draw_330,159,0.28482641749646626
517,517,draw_330,166,0.20567732990091117
518,518,draw_331,159,0.2716611022807696
519,519,draw_331,166,0.20813092162507835
520,520,draw_332,159,0.27346174942380985
521,521,draw_332,166,0.21063621019459702
522,522,draw_333,159,0.26815014047933566
523,523,draw_333,166,0.20617054334228213
524,524,draw_334,159,0.2710867685621481
525,525,draw_334,166,0.21134674900105424
526,526,draw_335,159,0.2708058353405307
527,527,draw_335,166,0.2027859751877566
528,528,draw_336,159,0.27085779865133
529,529,draw_336,166,0.21106399239687407
530,530,draw_337,159,0.27891205126417545
531,531,draw_337,166,0.209987848969836
532,532,draw_338,159,0.2768724105520039
533,533,draw_338,166,0.21342984088162034
534,534,draw_339,159,0.27758087137887655
535,535,draw_339,166,0.2091441060732637
536,536,draw_34,159,0.27901794813239744
537,537,draw_34,166,0.20881352153891364
538,538,draw_340,159,0.27789076366066195
539,539,draw_340,166,0.21241665037176483
540,540,draw_341,159,0.2722449644439018
541,541,draw_341,166,0.2045979612130146
542,542,draw_342,159,0.2668501382955029
543,543,draw_342,166,0.20910285699323553
544,544,draw_343,159,0.2702964785763195
545,545,draw_343,166,0.210515072725393
546,546,draw_344,159,0.27845002392062945
547,547,draw_344,166,0.21737987297778563
548,548,draw_345,159,0.27445955601206
549,549,draw_345,166,0.2050696673814182
550,550,draw_346,159,0.284652676667865
551,551,draw_346,166,0.21142796109258394
552,552,draw_347,159,0.26907628427234576
553,553,draw_347,166,0.20820104516972252
554,554,draw_348,159,0.2635316157218538
555,555,draw_348,166,0.2062347061273079
556,556,draw_349,159,0.28321202299338916
557,557,draw_349,166,0.20090894994109382
558,558,draw_35,159,0.2745814886919132
559,559,draw_35,166,0.19865541693191707
560,560,draw_350,159,0.28075490372938894
561,561,draw_350,166,0.20148122549049988
562,562,draw_351,159,0.2741928371721285
563,563,draw_351,166,0.20707942722630848
564,564,draw_352,159,0.25835009824905153
565,565,draw_352,166,0.20714983001027554
566,566,draw_353,159,0.2661886060282114
567,567,draw_353,166,0.203925508041138
568,568,draw_354,159,0.27183676081421054
569,569,draw_354,166,0.2111444376547341
570,570,draw_355,159,0.27951876350445554
571,571,draw_355,166,0.20894306663533752
572,572,draw_356,159,0.2822055656190412
573,573,draw_356,166,0.21101522824183797
574,574,draw_357,159,0.2711818794073967
575,575,draw_357,166,0.20134345075248047
576,576,draw_358,159,0.26861071233437095
577,577,draw_358,166,0.20699176330209004
578,578,draw_359,159,0.27880555772635246
579,579,draw_359,166,0.2061705661188125
580,580,draw_36,159,0.2763474511607006
581,581,draw_36,166,0.2074737986682771
582,582,draw_360,159,0.2703710642139072
583,583,draw_360,166,0.20845402064073998
584,584,draw_361,159,0.2615981571831622
585,585,draw_361,166,0.20872149466100495
586,586,draw_362,159,0.279974869714494
587,587,draw_362,166,0.2085810815815166
588,588,draw_363,159,0.27868404943522096
589,589,draw_363,166,0.204373512172142
590,590,draw_364,159,0.28487769723920564
591,591,draw_364,166,0.20493185610585143
592,592,draw_365,159,0.26910428970682937
593,593,draw_365,166,0.209315341026213
594,594,draw_366,159,0.2772928625866004
595,595,draw_366,166,0.20123247125892438
596,596,draw_367,159,0.26466238710141404
597,597,draw_367,166,0.20043186803363516
598,598,draw_368,159,0.2637034357670228
599,599,draw_368,166,0.19960273921965746
600,600,draw_369,159,0.2867643349574671
601,601,draw_369,166,0.20776751091891707
602,602,draw_37,159,0.28744832470397885
603,603,draw_37,166,0.20440105449552734
604,604,draw_370,159,0.2860219962216712
605,605,draw_370,166,0.19494384055384265
606,606,draw_371,159,0.26813220319549264
607,607,draw_371,166,0.20757324827269283
608,608,draw_372,159,0.27426645895515117
609,609,draw_372,166,0.20742002146591812
610,610,draw_373,159,0.2745755468816152
611,611,draw_373,166,0.21115495459598577
612,612,draw_374,159,0.27280292968207426
613,613,draw_374,166,0.21293568879351996
614,614,draw_375,159,0.2770979535715082
615,615,draw_375,166,0.20426624716944203
616,616,draw_376,159,0.27287008376454797
617,617,draw_376,166,0.2054848162552592
618,618,draw_377,159,0.26880133771461495
619,619,draw_377,166,0.2115620881284265
620,620,draw_378,159,0.2793388629267663
621,621,draw_378,166,0.2070025382260945
622,622,draw_379,159,0.27336136861461935
623,623,draw_379,166,0.20787240275707713
624,624,draw_38,159,0.27384559631117955
625,625,draw_38,166,0.2116693504710033
626,626,draw_380,159,0.2794537158256696
627,627,draw_380,166,0.21061325455779348
628,628,draw_381,159,0.2698639751500449
629,629,draw_381,166,0.21103244745399868
630,630,draw_382,159,0.2721676001566777
631,631,draw_382,166,0.2097000928671029
632,632,draw_383,159,0.28081546417533004
633,633,draw_383,166,0.20581322590930573
634,634,draw_384,159,0.26764047648475076
635,635,draw_384,166,0.21560992650092534
636,636,draw_385,159,0.2744609219935203
637,637,draw_385,166,0.2062448590804961
638,638,draw_386,159,0.2754082995793688
639,639,draw_386,166,0.20544844029568585
640,640,draw_387,159,0.27645739050502127
641,641,draw_387,166,0.2113711719479016
642,642,draw_388,159,0.27328724378404123
643,643,draw_388,166,0.2082533576659117
644,644,draw_389,159,0.2771802433452093
645,645,draw_389,166,0.20329596648176768
646,646,draw_39,159,0.27716765270657323
647,647,draw_39,166,0.2133496983708679
648,648,draw_390,159,0.27020578313512145
649,649,draw_390,166,0.20920361216308433
650,650,draw_391,159,0.27151172071133406
651,651,draw_391,166,0.2050350639273668
652,652,draw_392,159,0.27880782940729815
653,653,draw_392,166,0.20705365776202347
654,654,draw_393,159,0.27651542267705215
655,655,draw_393,166,0.20762250387955888
656,656,draw_394,159,0.27364223714553493
657,657,draw_394,166,0.20405876518792002
658,658,draw_395,159,0.2726086671921667
659,659,draw_395,166,0.205770726358065
660,660,draw_396,159,0.2661030760587847
661,661,draw_396,166,0.2052978190477946
662,662,draw_397,159,0.26845292150505246
663,663,draw_397,166,0.1986702346448573
664,664,draw_398,159,0.2787242687175764
665,665,draw_398,166,0.20712265646753014
666,666,draw_399,159,0.26678423077150426
667,667,draw_399,166,0.20432025655049343
668,668,draw_4,159,0.27394810549776644
669,669,draw_4,166,0.2047704240516215
670,670,draw_40,159,0.2695835354003932
671,671,draw_40,166,0.20738051600874344
672,672,draw_400,159,0.2801898262814768
673,673,draw_400,166,0.21038137412863667
674,674,draw_401,159,0.26554039951398434
675,675,draw_401,166,0.21076873389733736
676,676,draw_402,159,0.2734874312259074
677,677,draw_402,166,0.20669734661101025
678,678,draw_403,159,0.2716910879748887
679,679,draw_403,166,0.20257398429540457
680,680,draw_404,159,0.27274102558915975
681,681,draw_404,166,0.20293099496775627
682,682,draw_405,159,0.2683966455330274
683,683,draw_405,166,0.20350296405788743
684,684,draw_406,159,0.2743427012455723
685,685,draw_406,166,0.2036597025451339
686,686,draw_407,159,0.272918327836151
687,687,draw_407,166,0.20815143889287388
688,688,draw_408,159,0.27477152107718694
689,689,draw_408,166,0.20508753988229939
690,690,draw_409,159,0.27103175356860587
691,691,draw_409,166,0.20661593345611892
692,692,draw_41,159,0.2728946564777362
693,693,draw_41,166,0.2057894285768193
694,694,draw_410,159,0.27145236220013563
695,695,draw_410,166,0.20172917950126035
696,696,draw_411,159,0.2722677070364265
697,697,draw_411,166,0.21593693030766864
698,698,draw_412,159,0.2777802774459128
699,699,draw_412,166,0.2023410044278104
700,700,draw_413,159,0.27744945596251874
701,701,draw_413,166,0.20910384873148397
702,702,draw_414,159,0.2753423663469262
703,703,draw_414,166,0.2056231463709258
704,704,draw_415,159,0.2708981450049715
705,705,draw_415,166,0.21523503647348072
706,706,draw_416,159,0.28209785140661797
707,707,draw_416,166,0.20347184211519384
708,708,draw_417,159,0.26580618845326315
709,709,draw_417,166,0.2050065091060127
710,710,draw_418,159,0.2636646196088762
711,711,draw_418,166,0.20811716024314322
712,712,draw_419,159,0.27740793745451764
713,713,draw_419,166,0.2060453948459839
714,714,draw_42,159,0.28323122234512854
715,715,draw_42,166,0.2113495096565447
716,716,draw_420,159,0.2707741073313593
717,717,draw_420,166,0.20223950180042963
718,718,draw_421,159,0.27724103781172366
719,719,draw_421,166,0.20333753608237087
720,720,draw_422,159,0.278012205048
721,721,draw_422,166,0.21365803824769614
722,722,draw_423,159,0.27324731001823394
723,723,draw_423,166,0.21126266879628733
724,724,draw_424,159,0.28343335332636943
725,725,draw_424,166,0.21284941310644048
726,726,draw_425,159,0.27421956196483865
727,727,draw_425,166,0.20368357581239155
728,728,draw_426,159,0.27499308655238514
729,729,draw_426,166,0.20097476862811137
730,730,draw_427,159,0.27062471509149233
731,731,draw_427,166,0.20524138167887365
732,732,draw_428,159,0.27847945467477814
733,733,draw_428,166,0.202148003002313
734,734,draw_429,159,0.2746470872771149
735,735,draw_429,166,0.21144075275282762
736,736,draw_43,159,0.28099258930925713
737,737,draw_43,166,0.20701737756455085
738,738,draw_430,159,0.2844854569452218
739,739,draw_430,166,0.21429027758688574
740,740,draw_431,159,0.27210079069955523
741,741,draw_431,166,0.21476567084134507
742,742,draw_432,159,0.26877455144228424
743,743,draw_432,166,0.2006645998093358
744,744,draw_433,159,0.2682663201193873
745,745,draw_433,166,0.20771810953128436
746,746,draw_434,159,0.2762300690243008
747,747,draw_434,166,0.202659187792931
748,748,draw_435,159,0.2798602480694345
749,749,draw_435,166,0.20325156776219866
750,750,draw_436,159,0.2704368525071538
751,751,draw_436,166,0.202804401387707
752,752,draw_437,159,0.27355633676703334
753,753,draw_437,166,0.20279806150252122
754,754,draw_438,159,0.27837126035611387
755,755,draw_438,166,0.2088965013252379
756,756,draw_439,159,0.26874701637414256
757,757,draw_439,166,0.20297037564906292
758,758,draw_44,159,0.2634781456146544
759,759,draw_44,166,0.20500116890803197
760,760,draw_440,159,0.2776117533746978
761,761,draw_440,166,0.20957496737579293
762,762,draw_441,159,0.2740402128182647
763,763,draw_441,166,0.20800470834445528
764,764,draw_442,159,0.2696784936860094
765,765,draw_442,166,0.20580394645719846
766,766,draw_443,159,0.28455892470050076
767,767,draw_443,166,0.20970960427646027
768,768,draw_444,159,0.2772074975639269
769,769,draw_444,166,0.2062017069017317
770,770,draw_445,159,0.2745769895733759
771,771,draw_445,166,0.21135705889636638
772,772,draw_446,159,0.27552662337918615
773,773,draw_446,166,0.21537770378072127
774,774,draw_447,159,0.27705306215069314
775,775,draw_447,166,0.20779194592028227
776,776,draw_448,159,0.27667228658950066
777,777,draw_448,166,0.21299996471875554
778,778,draw_449,159,0.2803092978333242
779,779,draw_449,166,0.20671065357013083
780,780,draw_45,159,0.2816538861888428
781,781,draw_45,166,0.20242229680305324
782,782,draw_450,159,0.27063525350346507
783,783,draw_450,166,0.2042828168359164
784,784,draw_451,159,0.27718283624267415
785,785,draw_451,166,0.2120298493721199
786,786,draw_452,159,0.27649454882520175
787,787,draw_452,166,0.203620257647178
788,788,draw_453,159,0.26118060989144715
789,789,draw_453,166,0.2086883892635662
790,790,draw_454,159,0.27558081304617255
791,791,draw_454,166,0.19988323316660736
792,792,draw_455,159,0.2782764183724753
793,793,draw_455,166,0.2074837756690721
794,794,draw_456,159,0.2788771417508206
795,795,draw_456,166,0.20843704464916257
796,796,draw_457,159,0.2785295429707275
797,797,draw_457,166,0.2134376124821915
798,798,draw_458,159,0.27558498839107554
799,799,draw_458,166,0.20371322883647383
800,800,draw_459,159,0.2771147703255701
801,801,draw_459,166,0.20469587412663004
802,802,draw_46,159,0.27444090494608786
803,803,draw_46,166,0.2043144249138473
804,804,draw_460,159,0.27217696808856945
805,805,draw_460,166,0.20544840885853624
806,806,draw_461,159,0.27762126658995406
807,807,draw_461,166,0.21043090795274105
808,808,draw_462,159,0.2654684296129406
809,809,draw_462,166,0.20738249303206824
810,810,draw_463,159,0.27518971975593565
811,811,draw_463,166,0.2117555665075053
812,812,draw_464,159,0.26959623776011443
813,813,draw_464,166,0.20063736620259284
814,814,draw_465,159,0.2666175368974803
815,815,draw_465,166,0.2033447035677409
816,816,draw_466,159,0.27117735877291693
817,817,draw_466,166,0.2043286836266227
818,818,draw_467,159,0.28552442996867516
819,819,draw_467,166,0.2078625255045727
820,820,draw_468,159,0.2739818550093905
821,821,draw_468,166,0.21523400103104698
822,822,draw_469,159,0.2700203690163219
823,823,draw_469,166,0.21235364962298214
824,824,draw_47,159,0.2764327127221482
825,825,draw_47,166,0.20760502147004983
826,826,draw_470,159,0.27137526906797094
827,827,draw_470,166,0.20509674936448294
828,828,draw_471,159,0.2719219791569233
829,829,draw_471,166,0.20680708381058024
830,830,draw_472,159,0.27253279562127464
831,831,draw_472,166,0.20744270459962214
832,832,draw_473,159,0.2760579850271227
833,833,draw_473,166,0.2105303664071334
834,834,draw_474,159,0.26966296332039164
835,835,draw_474,166,0.20304664977705963
836,836,draw_475,159,0.2696233567689279
837,837,draw_475,166,0.20534122695957197
838,838,draw_476,159,0.26557377203540894
839,839,draw_476,166,0.21094035139188913
840,840,draw_477,159,0.2719743566235645
841,841,draw_477,166,0.21130267285366167
842,842,draw_478,159,0.2760676130063373
843,843,draw_478,166,0.20680014164738184
844,844,draw_479,159,0.27042821239618686
845,845,draw_479,166,0.20813538725704964
846,846,draw_48,159,0.2749163258189546
847,847,draw_48,166,0.20618465265410127
848,848,draw_480,159,0.2730968323851289
849,849,draw_480,166,0.20542087186505226
850,850,draw_481,159,0.2848552488022092
851,851,draw_481,166,0.2099205000975052
852,852,draw_482,159,0.2650232779089472
853,853,draw_482,166,0.2024050742557194
854,854,draw_483,159,0.26856143677953076
855,855,draw_483,166,0.2068467904922379
856,856,draw_484,159,0.26948838515227386
857,857,draw_484,166,0.2039657229546972
858,858,draw_485,159,0.2609968564251317
859,859,draw_485,166,0.208111497828361
860,860,draw_486,159,0.2765651332002619
861,861,draw_486,166,0.21144394911765566
862,862,draw_487,159,0.28219520608174786
863,863,draw_487,166,0.20203607018943537
864,864,draw_488,159,0.2756732215286247
865,865,draw_488,166,0.205415572905846
866,866,draw_489,159,0.2664652808060034
867,867,draw_489,166,0.20606720229303713
868,868,draw_49,159,0.27871422940298357
869,869,draw_49,166,0.20887822979118456
870,870,draw_490,159,0.27127832352313075
871,871,draw_490,166,0.21144121307378683
872,872,draw_491,159,0.28153109188895536
873,873,draw_491,166,0.20797276403739776
874,874,draw_492,159,0.2776350698937517
875,875,draw_492,166,0.20534937900275696
876,876,draw_493,159,0.2833161526053795
877,877,draw_493,166,0.21397123698506612
878,878,draw_494,159,0.27422351720913546
879,879,draw_494,166,0.20535673068404137
880,880,draw_495,159,0.2747192351881727
881,881,draw_495,166,0.2080392957625498
882,882,draw_496,159,0.2792995624547783
883,883,draw_496,166,0.21009492894251292
884,884,draw_497,159,0.2736555762127723
885,885,draw_497,166,0.2014138256671756
886,886,draw_498,159,0.271457551831897
887,887,draw_498,166,0.21060328069811685
888,888,draw_499,159,0.27431037736585345
889,889,draw_499,166,0.205107892939852
890,890,draw_5,159,0.2730057635085784
891,891,draw_5,166,0.2052973315314394
892,892,draw_50,159,0.26606741436721715
893,893,draw_50,166,0.2042918532584267
894,894,draw_500,159,0.2613407177345239
895,895,draw_500,166,0.20333298096141944
896,896,draw_501,159,0.2811694912025129
897,897,draw_501,166,0.20766544716339788
898,898,draw_502,159,0.2759989509736833
899,899,draw_502,166,0.19978367678413753
900,900,draw_503,159,0.270888103192882
901,901,draw_503,166,0.20404061873771373
902,902,draw_504,159,0.26361304274027075
903,903,draw_504,166,0.20799687731627609
904,904,draw_505,159,0.27415360754706064
905,905,draw_505,166,0.21070226407385317
906,906,draw_506,159,0.2758843450975671
907,907,draw_506,166,0.20191313092523572
908,908,draw_507,159,0.27960102367757317
909,909,draw_507,166,0.2068906613839333
910,910,draw_508,159,0.28024808847368154
911,911,draw_508,166,0.20171667293289489
912,912,draw_509,159,0.2683345025156921
913,913,draw_509,166,0.21290334108367334
914,914,draw_51,159,0.2830925676086032
915,915,draw_51,166,0.20643067980278176
916,916,draw_510,159,0.27663799344555
917,917,draw_510,166,0.20212843226814803
918,918,draw_511,159,0.274663776819056
919,919,draw_511,166,0.20300735196688008
920,920,draw_512,159,0.2798956315966763
921,921,draw_512,166,0.20837707525687543
922,922,draw_513,159,0.278593633201999
923,923,draw_513,166,0.20947811364311966
924,924,draw_514,159,0.2762912803251075
925,925,draw_514,166,0.20382456509866112
926,926,draw_515,159,0.2764163624344734
927,927,draw_515,166,0.2097464167905129
928,928,draw_516,159,0.271753674506816
929,929,draw_516,166,0.2101542506778946
930,930,draw_517,159,0.27415382763906926
931,931,draw_517,166,0.206025741811397
932,932,draw_518,159,0.2886153187069551
933,933,draw_518,166,0.2163795699236393
934,934,draw_519,159,0.26869714383429016
935,935,draw_519,166,0.21592153328477065
936,936,draw_52,159,0.26588426214508315
937,937,draw_52,166,0.2097691769210944
938,938,draw_520,159,0.27678314225718853
939,939,draw_520,166,0.213654433509284
940,940,draw_521,159,0.28195740654137086
941,941,draw_521,166,0.21003509498978634
942,942,draw_522,159,0.2718994121966888
943,943,draw_522,166,0.20506071798466446
944,944,draw_523,159,0.28016358486551796
945,945,draw_523,166,0.21191866837081408
946,946,draw_524,159,0.2666699592247472
947,947,draw_524,166,0.210187730257966
948,948,draw_525,159,0.2705908629946899
949,949,draw_525,166,0.2016107000389952
950,950,draw_526,159,0.2818313071371622
951,951,draw_526,166,0.20631711683890683
952,952,draw_527,159,0.2799767233115941
953,953,draw_527,166,0.21336495217477808
954,954,draw_528,159,0.27975106358506485
955,955,draw_528,166,0.20876119554317174
956,956,draw_529,159,0.2649164591300141
957,957,draw_529,166,0.2053220407020229
958,958,draw_53,159,0.27558791122225956
959,959,draw_53,166,0.2197175007842985
960,960,draw_530,159,0.27887070351268567
961,961,draw_530,166,0.21020899603716836
962,962,draw_531,159,0.27328311031603814
963,963,draw_531,166,0.2105443775404211
964,964,draw_532,159,0.2748621484358248
965,965,draw_532,166,0.20983726059986887
966,966,draw_533,159,0.2736723701159778
967,967,draw_533,166,0.21115291701385114
968,968,draw_534,159,0.2732713492339161
969,969,draw_534,166,0.2047394874068311
970,970,draw_535,159,0.27418957155224255
971,971,draw_535,166,0.2088139877175049
972,972,draw_536,159,0.28218392070464793
973,973,draw_536,166,0.20445286564027984
974,974,draw_537,159,0.2712034624466101
975,975,draw_537,166,0.20643479071663318
976,976,draw_538,159,0.2745335352972105
977,977,draw_538,166,0.2041717285820435
978,978,draw_539,159,0.271256220622238
979,979,draw_539,166,0.20781382058810502
980,980,draw_54,159,0.2738227425917417
981,981,draw_54,166,0.20648337637181516
982,982,draw_540,159,0.27581545571450844
983,983,draw_540,166,0.20258123579071552
984,984,draw_541,159,0.27097082872002987
985,985,draw_541,166,0.20973051863586373
986,986,draw_542,159,0.274578421464955
987,987,draw_542,166,0.2118325396403609
988,988,draw_543,159,0.2740283687796148
989,989,draw_543,166,0.20371260035931607
990,990,draw_544,159,0.2743786367520849
991,991,draw_544,166,0.21319799509153664
992,992,draw_545,159,0.27248368376430093
993,993,draw_545,166,0.20627935867467723
994,994,draw_546,159,0.2717809872141572
995,995,draw_546,166,0.20844028065056663
996,996,draw_547,159,0.27263634094332956
997,997,draw_547,166,0.20581438437848784
998,998,draw_548,159,0.2734566157878926
999,999,draw_548,166,0.2097335227532838
1000,1000,draw_549,159,0.2675687484745299
1001,1001,draw_549,166,0.20773199349673982
1002,1002,draw_55,159,0.2727775606114411
1003,1003,draw_55,166,0.20472225806343666
1004,1004,draw_550,159,0.26757330223022485
1005,1005,draw_550,166,0.2072785761906204
1006,1006,draw_551,159,0.2784276290687957
1007,1007,draw_551,166,0.20757629001502612
1008,1008,draw_552,159,0.2789766478431507
1009,1009,draw_552,166,0.20541576810404713
1010,1010,draw_553,159,0.27486922671016445
1011,1011,draw_553,166,0.21394469953565656
1012,1012,draw_554,159,0.2740531505470537
1013,1013,draw_554,166,0.20674403311341571
1014,1014,draw_555,159,0.2750400344231179
1015,1015,draw_555,166,0.212328599136162
1016,1016,draw_556,159,0.27263270354415825
1017,1017,draw_556,166,0.20824628532485873
1018,1018,draw_557,159,0.27363123903233477
1019,1019,draw_557,166,0.20184881138511332
1020,1020,draw_558,159,0.2762727158324215
1021,1021,draw_558,166,0.21416821431589209
1022,1022,draw_559,159,0.27596524896918867
1023,1023,draw_559,166,0.2073085086026325
1024,1024,draw_56,159,0.2724892897920152
1025,1025,draw_56,166,0.20399812983745436
1026,1026,draw_560,159,0.27734038244588466
1027,1027,draw_560,166,0.2042689294494186
1028,1028,draw_561,159,0.28198378848340216
1029,1029,draw_561,166,0.21049945499649464
1030,1030,draw_562,159,0.26437716202391076
1031,1031,draw_562,166,0.20354914068848357
1032,1032,draw_563,159,0.2763802591111088
1033,1033,draw_563,166,0.20886617221874448
1034,1034,draw_564,159,0.2761898034256442
1035,1035,draw_564,166,0.2076236535748601
1036,1036,draw_565,159,0.277078818085029
1037,1037,draw_565,166,0.21367054544852035
1038,1038,draw_566,159,0.2857127055185615
1039,1039,draw_566,166,0.2082426667284169
1040,1040,draw_567,159,0.2682218295836413
1041,1041,draw_567,166,0.20440724825632023
1042,1042,draw_568,159,0.2729485212548537
1043,1043,draw_568,166,0.20566734158267708
1044,1044,draw_569,159,0.2642925377322947
1045,1045,draw_569,166,0.20262514567923082
1046,1046,draw_57,159,0.2728553955313659
1047,1047,draw_57,166,0.2079733275737887
1048,1048,draw_570,159,0.26811363067516364
1049,1049,draw_570,166,0.20793078581102276
1050,1050,draw_571,159,0.28180371614214306
1051,1051,draw_571,166,0.20958996716677697
1052,1052,draw_572,159,0.2753252051010978
1053,1053,draw_572,166,0.20813516139513805
1054,1054,draw_573,159,0.2738731086065311
1055,1055,draw_573,166,0.2049894107163054
1056,1056,draw_574,159,0.27754839965656963
1057,1057,draw_574,166,0.20324713142601655
1058,1058,draw_575,159,0.26663134968897745
1059,1059,draw_575,166,0.2096596860120924
1060,1060,draw_576,159,0.2749111418724891
1061,1061,draw_576,166,0.20696901585731564
1062,1062,draw_577,159,0.2721296474005472
1063,1063,draw_577,166,0.21104161715156183
1064,1064,draw_578,159,0.2766194185985379
1065,1065,draw_578,166,0.21449435624428662
1066,1066,draw_579,159,0.27148875841930714
1067,1067,draw_579,166,0.20901156496437803
1068,1068,draw_58,159,0.2700649298594001
1069,1069,draw_58,166,0.20301415541988851
1070,1070,draw_580,159,0.2742542403075937
1071,1071,draw_580,166,0.21121101429641465
1072,1072,draw_581,159,0.27865887959355135
1073,1073,draw_581,166,0.20532795443329083
1074,1074,draw_582,159,0.26356228609392013
1075,1075,draw_582,166,0.2066018782675245
1076,1076,draw_583,159,0.27735760316945424
1077,1077,draw_583,166,0.20598015490979457
1078,1078,draw_584,159,0.272802955401234
1079,1079,draw_584,166,0.2113183467941882
1080,1080,draw_585,159,0.2737537049732246
1081,1081,draw_585,166,0.20729673715951644
1082,1082,draw_586,159,0.2651375857931193
1083,1083,draw_586,166,0.2082100769596321
1084,1084,draw_587,159,0.2776913804304655
1085,1085,draw_587,166,0.20826260199644278
1086,1086,draw_588,159,0.2783733048501927
1087,1087,draw_588,166,0.21315834144656412
1088,1088,draw_589,159,0.2709196406953687
1089,1089,draw_589,166,0.20880621255275206
1090,1090,draw_59,159,0.2659616782317072
1091,1091,draw_59,166,0.20874980856844
1092,1092,draw_590,159,0.2756327944172421
1093,1093,draw_590,166,0.2091730518254872
1094,1094,draw_591,159,0.26778639382856684
1095,1095,draw_591,166,0.20821354409786205
1096,1096,draw_592,159,0.28016939935133855
1097,1097,draw_592,166,0.20625188566740368
1098,1098,draw_593,159,0.28121525403521563
1099,1099,draw_593,166,0.20594311652599193
1100,1100,draw_594,159,0.27888471194246794
1101,1101,draw_594,166,0.20600344968516507
1102,1102,draw_595,159,0.2732921127264897
1103,1103,draw_595,166,0.2101269269604881
1104,1104,draw_596,159,0.2792382233269383
1105,1105,draw_596,166,0.20575420634233643
1106,1106,draw_597,159,0.2642089301217214
1107,1107,draw_597,166,0.20350158911386315
1108,1108,draw_598,159,0.2666684108983147
1109,1109,draw_598,166,0.20453514821765315
1110,1110,draw_599,159,0.27591566092828707
1111,1111,draw_599,166,0.20828029888935984
1112,1112,draw_6,159,0.26819411393838
1113,1113,draw_6,166,0.20306014614632512
1114,1114,draw_60,159,0.2752645550896573
1115,1115,draw_60,166,0.2117220038273251
1116,1116,draw_600,159,0.27483750586317
1117,1117,draw_600,166,0.20402726696008008
1118,1118,draw_601,159,0.2893453046526665
1119,1119,draw_601,166,0.2030617950210126
1120,1120,draw_602,159,0.274208269971186
1121,1121,draw_602,166,0.20734869031035189
1122,1122,draw_603,159,0.267556663744647
1123,1123,draw_603,166,0.21095434113436795
1124,1124,draw_604,159,0.2685782212655855
1125,1125,draw_604,166,0.2068053605341527
1126,1126,draw_605,159,0.28293073782825356
1127,1127,draw_605,166,0.21648612873479556
1128,1128,draw_606,159,0.2751485654607186
1129,1129,draw_606,166,0.20336934932699632
1130,1130,draw_607,159,0.2714121051315484
1131,1131,draw_607,166,0.20436295607972788
1132,1132,draw_608,159,0.27786412919564285
1133,1133,draw_608,166,0.21356939241619097
1134,1134,draw_609,159,0.2789484286605366
1135,1135,draw_609,166,0.21410251004056277
1136,1136,draw_61,159,0.27722816748888424
1137,1137,draw_61,166,0.20591298487842394
1138,1138,draw_610,159,0.28300596955480845
1139,1139,draw_610,166,0.20279389662075406
1140,1140,draw_611,159,0.27785253754869316
1141,1141,draw_611,166,0.19826535482776478
1142,1142,draw_612,159,0.27911310953617174
1143,1143,draw_612,166,0.2057148020019122
1144,1144,draw_613,159,0.27536371416071365
1145,1145,draw_613,166,0.20844886505619276
1146,1146,draw_614,159,0.26649019981857297
1147,1147,draw_614,166,0.20471350035913408
1148,1148,draw_615,159,0.2787963419854017
1149,1149,draw_615,166,0.20288389955223093
1150,1150,draw_616,159,0.27748204239318525
1151,1151,draw_616,166,0.2085483947350822
1152,1152,draw_617,159,0.2859802646025924
1153,1153,draw_617,166,0.21074724813290371
1154,1154,draw_618,159,0.27456704739009896
1155,1155,draw_618,166,0.20702730026990562
1156,1156,draw_619,159,0.27687343625556066
1157,1157,draw_619,166,0.2062049894273706
1158,1158,draw_62,159,0.2666794887838529
1159,1159,draw_62,166,0.20148409330443917
1160,1160,draw_620,159,0.27210504926339013
1161,1161,draw_620,166,0.20833600292901044
1162,1162,draw_621,159,0.2705414020464168
1163,1163,draw_621,166,0.20799852992598897
1164,1164,draw_622,159,0.2661828978907177
1165,1165,draw_622,166,0.2093901421421678
1166,1166,draw_623,159,0.2789525197990402
1167,1167,draw_623,166,0.20946885586880484
1168,1168,draw_624,159,0.2790911990514558
1169,1169,draw_624,166,0.21275606732120259
1170,1170,draw_625,159,0.2674256682056531
1171,1171,draw_625,166,0.21227183437480854
1172,1172,draw_626,159,0.27107320078993896
1173,1173,draw_626,166,0.20674541345293587
1174,1174,draw_627,159,0.27835566967688813
1175,1175,draw_627,166,0.20859491282498796
1176,1176,draw_628,159,0.2718273359213989
1177,1177,draw_628,166,0.20645868441032028
1178,1178,draw_629,159,0.2709165406352905
1179,1179,draw_629,166,0.20147016542595844
1180,1180,draw_63,159,0.27456003080886887
1181,1181,draw_63,166,0.20177257844188246
1182,1182,draw_630,159,0.27444955407968136
1183,1183,draw_630,166,0.2181253349300149
1184,1184,draw_631,159,0.277186527992882
1185,1185,draw_631,166,0.20512436683722127
1186,1186,draw_632,159,0.2846761175354952
1187,1187,draw_632,166,0.20482254356843274
1188,1188,draw_633,159,0.277010802404952
1189,1189,draw_633,166,0.21588835484567043
1190,1190,draw_634,159,0.28501219326632454
1191,1191,draw_634,166,0.2141624369479462
1192,1192,draw_635,159,0.2678137619787481
1193,1193,draw_635,166,0.206250509839158
1194,1194,draw_636,159,0.2857339902915578
1195,1195,draw_636,166,0.20301701031034633
1196,1196,draw_637,159,0.2688913221281136
1197,1197,draw_637,166,0.20296419169268107
1198,1198,draw_638,159,0.27919159651641723
1199,1199,draw_638,166,0.20812671342320357
1200,1200,draw_639,159,0.27253347381412224
1201,1201,draw_639,166,0.2089572480281311
1202,1202,draw_64,159,0.27769742304252343
1203,1203,draw_64,166,0.20994576250780794
1204,1204,draw_640,159,0.27512480062421374
1205,1205,draw_640,166,0.20452835563439004
1206,1206,draw_641,159,0.2636008480653984
1207,1207,draw_641,166,0.20942447305314202
1208,1208,draw_642,159,0.283869052951012
1209,1209,draw_642,166,0.19830942395304177
1210,1210,draw_643,159,0.27718261686825296
1211,1211,draw_643,166,0.20389653864103813
1212,1212,draw_644,159,0.2761384317169329
1213,1213,draw_644,166,0.21202254696438616
1214,1214,draw_645,159,0.28642062681153024
1215,1215,draw_645,166,0.2010018761009293
1216,1216,draw_646,159,0.2719311390531881
1217,1217,draw_646,166,0.21098119661859185
1218,1218,draw_647,159,0.2787877826382863
1219,1219,draw_647,166,0.20926702727477395
1220,1220,draw_648,159,0.2755188877593976
1221,1221,draw_648,166,0.21064057582409973
1222,1222,draw_649,159,0.2726662536295733
1223,1223,draw_649,166,0.2069055365766625
1224,1224,draw_65,159,0.27224615451584255
1225,1225,draw_65,166,0.1994430989257846
1226,1226,draw_650,159,0.27249210770137444
1227,1227,draw_650,166,0.2107440233809876
1228,1228,draw_651,159,0.2810765233298052
1229,1229,draw_651,166,0.2136541325419102
1230,1230,draw_652,159,0.28795726583135195
1231,1231,draw_652,166,0.21054656367147834
1232,1232,draw_653,159,0.28397830698729865
1233,1233,draw_653,166,0.21012041451541824
1234,1234,draw_654,159,0.266815150096833
1235,1235,draw_654,166,0.2061423103038891
1236,1236,draw_655,159,0.2744767519006289
1237,1237,draw_655,166,0.20804420408515387
1238,1238,draw_656,159,0.275320544747642
1239,1239,draw_656,166,0.20944646952290363
1240,1240,draw_657,159,0.2824660403908119
1241,1241,draw_657,166,0.201944534280053
1242,1242,draw_658,159,0.2628254179041687
1243,1243,draw_658,166,0.2019914322217459
1244,1244,draw_659,159,0.2780055565078761
1245,1245,draw_659,166,0.19734210026675605
1246,1246,draw_66,159,0.27688619961208566
1247,1247,draw_66,166,0.21049652339773936
1248,1248,draw_660,159,0.27500799702182166
1249,1249,draw_660,166,0.21403508567964627
1250,1250,draw_661,159,0.27577825352663055
1251,1251,draw_661,166,0.21043599955000458
1252,1252,draw_662,159,0.27775701983959483
1253,1253,draw_662,166,0.20588710076775618
1254,1254,draw_663,159,0.2854407391164903
1255,1255,draw_663,166,0.20514586294424061
1256,1256,draw_664,159,0.26491903292306646
1257,1257,draw_664,166,0.21192981606361713
1258,1258,draw_665,159,0.2872103639982457
1259,1259,draw_665,166,0.20112749800071497
1260,1260,draw_666,159,0.2723442155029576
1261,1261,draw_666,166,0.2108555363937666
1262,1262,draw_667,159,0.28442367354579545
1263,1263,draw_667,166,0.2118592944889641
1264,1264,draw_668,159,0.28016164233685203
1265,1265,draw_668,166,0.21009539348997672
1266,1266,draw_669,159,0.2786054018116858
1267,1267,draw_669,166,0.20396203979675226
1268,1268,draw_67,159,0.2784216117056176
1269,1269,draw_67,166,0.21408023685563188
1270,1270,draw_670,159,0.28377329643936927
1271,1271,draw_670,166,0.21339331706900522
1272,1272,draw_671,159,0.273292608886003
1273,1273,draw_671,166,0.20944169449074215
1274,1274,draw_672,159,0.2735480832582185
1275,1275,draw_672,166,0.2048355535258783
1276,1276,draw_673,159,0.28943984904385095
1277,1277,draw_673,166,0.21080580902716814
1278,1278,draw_674,159,0.27560485429322895
1279,1279,draw_674,166,0.20759535126498968
1280,1280,draw_675,159,0.2689790162826303
1281,1281,draw_675,166,0.20560911090738734
1282,1282,draw_676,159,0.27458535269708595
1283,1283,draw_676,166,0.2072286853964984
1284,1284,draw_677,159,0.27838840237313334
1285,1285,draw_677,166,0.2045673621746915
1286,1286,draw_678,159,0.2771129059469406
1287,1287,draw_678,166,0.20564448292729787
1288,1288,draw_679,159,0.2753476223554007
1289,1289,draw_679,166,0.20893559409410542
1290,1290,draw_68,159,0.27366936716586915
1291,1291,draw_68,166,0.2065967065171142
1292,1292,draw_680,159,0.2745143212016595
1293,1293,draw_680,166,0.20932753143274666
1294,1294,draw_681,159,0.26896327449944346
1295,1295,draw_681,166,0.20854386727311475
1296,1296,draw_682,159,0.2724640912598795
1297,1297,draw_682,166,0.2015281839576378
1298,1298,draw_683,159,0.28270592960734287
1299,1299,draw_683,166,0.20487036892447044
1300,1300,draw_684,159,0.27490105989427366
1301,1301,draw_684,166,0.2051438290202811
1302,1302,draw_685,159,0.28508401634209535
1303,1303,draw_685,166,0.2081810791022275
1304,1304,draw_686,159,0.2702795308275815
1305,1305,draw_686,166,0.2094419904484941
1306,1306,draw_687,159,0.2646479023333792
1307,1307,draw_687,166,0.2040604518076631
1308,1308,draw_688,159,0.2756066632206584
1309,1309,draw_688,166,0.2077190210572431
1310,1310,draw_689,159,0.2753669213908107
1311,1311,draw_689,166,0.20844781577692406
1312,1312,draw_69,159,0.28216371968590354
1313,1313,draw_69,166,0.2072270922942198
1314,1314,draw_690,159,0.2752946634265141
1315,1315,draw_690,166,0.20457347018166838
1316,1316,draw_691,159,0.2812311517330149
1317,1317,draw_691,166,0.20259600823843033
1318,1318,draw_692,159,0.28258574329257374
1319,1319,draw_692,166,0.2099163255007582
1320,1320,draw_693,159,0.279440441327309
1321,1321,draw_693,166,0.210140870648591
1322,1322,draw_694,159,0.28827084164532435
1323,1323,draw_694,166,0.20557824959093823
1324,1324,draw_695,159,0.2774251321888051
1325,1325,draw_695,166,0.20553728004239707
1326,1326,draw_696,159,0.2755852211810328
1327,1327,draw_696,166,0.1986817246334122
1328,1328,draw_697,159,0.27202718716191304
1329,1329,draw_697,166,0.2141476673085467
1330,1330,draw_698,159,0.27510204267872174
1331,1331,draw_698,166,0.21110058518165797
1332,1332,draw_699,159,0.2847162140982867
1333,1333,draw_699,166,0.21391949454114692
1334,1334,draw_7,159,0.27978200547803217
1335,1335,draw_7,166,0.2083315535907094
1336,1336,draw_70,159,0.27256761711790867
1337,1337,draw_70,166,0.2109555426380894
1338,1338,draw_700,159,0.28304354418156236
1339,1339,draw_700,166,0.20276180320002504
1340,1340,draw_701,159,0.2721492269522924
1341,1341,draw_701,166,0.20944624151327643
1342,1342,draw_702,159,0.2683584522326719
1343,1343,draw_702,166,0.2034099695539881
1344,1344,draw_703,159,0.28138052686103704
1345,1345,draw_703,166,0.20621031668651796
1346,1346,draw_704,159,0.2768225459669864
1347,1347,draw_704,166,0.2120795654630151
1348,1348,draw_705,159,0.28525854717777305
1349,1349,draw_705,166,0.2143583075939397
1350,1350,draw_706,159,0.27075744437184646
1351,1351,draw_706,166,0.20758888271413223
1352,1352,draw_707,159,0.268679205113819
1353,1353,draw_707,166,0.20581126154289595
1354,1354,draw_708,159,0.2709563736652377
1355,1355,draw_708,166,0.2108070603512823
1356,1356,draw_709,159,0.26807697558188814
1357,1357,draw_709,166,0.20621959704257128
1358,1358,draw_71,159,0.27457717438141893
1359,1359,draw_71,166,0.20080486661473473
1360,1360,draw_710,159,0.2738966676889252
1361,1361,draw_710,166,0.20738947878879083
1362,1362,draw_711,159,0.27360989650020273
1363,1363,draw_711,166,0.2084278729034113
1364,1364,draw_712,159,0.27223472312813424
1365,1365,draw_712,166,0.20278601254008094
1366,1366,draw_713,159,0.27717248488319807
1367,1367,draw_713,166,0.20808174749359848
1368,1368,draw_714,159,0.2684244664986434
1369,1369,draw_714,166,0.21102827567825583
1370,1370,draw_715,159,0.27364845576562674
1371,1371,draw_715,166,0.20480783349767903
1372,1372,draw_716,159,0.26872488876827505
1373,1373,draw_716,166,0.2133013203872119
1374,1374,draw_717,159,0.27752490901672583
1375,1375,draw_717,166,0.1995270286361213
1376,1376,draw_718,159,0.2756446503577513
1377,1377,draw_718,166,0.21059026324137245
1378,1378,draw_719,159,0.2794628185191592
1379,1379,draw_719,166,0.21221079216827257
1380,1380,draw_72,159,0.2719043004470591
1381,1381,draw_72,166,0.2071073579142534
1382,1382,draw_720,159,0.2700112196643315
1383,1383,draw_720,166,0.2072752476277006
1384,1384,draw_721,159,0.26655441092585025
1385,1385,draw_721,166,0.20709478286487523
1386,1386,draw_722,159,0.2753277325381974
1387,1387,draw_722,166,0.2122516864097914
1388,1388,draw_723,159,0.2765517494470768
1389,1389,draw_723,166,0.20285233146369644
1390,1390,draw_724,159,0.2670607137326525
1391,1391,draw_724,166,0.20862200398748557
1392,1392,draw_725,159,0.2684507475673828
1393,1393,draw_725,166,0.206845533048429
1394,1394,draw_726,159,0.2763325597920088
1395,1395,draw_726,166,0.20654657012859737
1396,1396,draw_727,159,0.2779161716629552
1397,1397,draw_727,166,0.21335369411796762
1398,1398,draw_728,159,0.2754534219614181
1399,1399,draw_728,166,0.20719009364243585
1400,1400,draw_729,159,0.2669049019296796
1401,1401,draw_729,166,0.20744897789485647
1402,1402,draw_73,159,0.2770351824698153
1403,1403,draw_73,166,0.2111464642471064
1404,1404,draw_730,159,0.27831838712249923
1405,1405,draw_730,166,0.20489328924360684
1406,1406,draw_731,159,0.2716737799446949
1407,1407,draw_731,166,0.20791770880585192
1408,1408,draw_732,159,0.27881867944347066
1409,1409,draw_732,166,0.2056997350852392
1410,1410,draw_733,159,0.2757758366178827
1411,1411,draw_733,166,0.20526955924207996
1412,1412,draw_734,159,0.26973042735535585
1413,1413,draw_734,166,0.21165584166942797
1414,1414,draw_735,159,0.274528348932343
1415,1415,draw_735,166,0.20181849229796062
1416,1416,draw_736,159,0.26451368737774344
1417,1417,draw_736,166,0.20621788230125887
1418,1418,draw_737,159,0.27189272296708644
1419,1419,draw_737,166,0.21517112963030852
1420,1420,draw_738,159,0.2717678341303872
1421,1421,draw_738,166,0.20831344864030923
1422,1422,draw_739,159,0.2725516998855614
1423,1423,draw_739,166,0.2068348354557526
1424,1424,draw_74,159,0.2732554927047542
1425,1425,draw_74,166,0.21318712896148273
1426,1426,draw_740,159,0.27354663162020987
1427,1427,draw_740,166,0.20424799690465328
1428,1428,draw_741,159,0.269237212440075
1429,1429,draw_741,166,0.20477124530906915
1430,1430,draw_742,159,0.2714339217750706
1431,1431,draw_742,166,0.20817056734980705
1432,1432,draw_743,159,0.2789092338886358
1433,1433,draw_743,166,0.21099030447127268
1434,1434,draw_744,159,0.26691641739078353
1435,1435,draw_744,166,0.20628315436676206
1436,1436,draw_745,159,0.26546413172536215
1437,1437,draw_745,166,0.21219804877459472
1438,1438,draw_746,159,0.2891513924890019
1439,1439,draw_746,166,0.20993556676506853
1440,1440,draw_747,159,0.27049435436671776
1441,1441,draw_747,166,0.20817617918944478
1442,1442,draw_748,159,0.2767561661225599
1443,1443,draw_748,166,0.2058835441846087
1444,1444,draw_749,159,0.2755888711632262
1445,1445,draw_749,166,0.2077136772804628
1446,1446,draw_75,159,0.2824467153897702
1447,1447,draw_75,166,0.20762880055097768
1448,1448,draw_750,159,0.28405487734824375
1449,1449,draw_750,166,0.20743989525688564
1450,1450,draw_751,159,0.26458147315275826
1451,1451,draw_751,166,0.204030398801327
1452,1452,draw_752,159,0.2698902314942682
1453,1453,draw_752,166,0.21255120025711904
1454,1454,draw_753,159,0.2777115915400365
1455,1455,draw_753,166,0.20763433246965401
1456,1456,draw_754,159,0.2837983407119437
1457,1457,draw_754,166,0.2116654500986752
1458,1458,draw_755,159,0.29130218517689893
1459,1459,draw_755,166,0.2099428002028677
1460,1460,draw_756,159,0.2756402655817889
1461,1461,draw_756,166,0.20137818141167496
1462,1462,draw_757,159,0.27245870597031524
1463,1463,draw_757,166,0.2118147258420764
1464,1464,draw_758,159,0.2811364530934318
1465,1465,draw_758,166,0.2049610680927704
1466,1466,draw_759,159,0.27645187233807156
1467,1467,draw_759,166,0.21003836919322957
1468,1468,draw_76,159,0.28073624636198646
1469,1469,draw_76,166,0.20946944129623174
1470,1470,draw_760,159,0.2759579134886037
1471,1471,draw_760,166,0.21039837104583323
1472,1472,draw_761,159,0.2738476361650132
1473,1473,draw_761,166,0.20559725937458706
1474,1474,draw_762,159,0.26927618272932663
1475,1475,draw_762,166,0.2043694696190701
1476,1476,draw_763,159,0.27215630296274684
1477,1477,draw_763,166,0.2107426442788584
1478,1478,draw_764,159,0.2810616671879857
1479,1479,draw_764,166,0.21199972455256885
1480,1480,draw_765,159,0.2809064475695431
1481,1481,draw_765,166,0.20934724974856708
1482,1482,draw_766,159,0.28177165005061716
1483,1483,draw_766,166,0.20271959952125984
1484,1484,draw_767,159,0.2686569297046359
1485,1485,draw_767,166,0.1959171922382619
1486,1486,draw_768,159,0.27203704587981875
1487,1487,draw_768,166,0.21233206596928506
1488,1488,draw_769,159,0.27528276339307284
1489,1489,draw_769,166,0.2045495253536865
1490,1490,draw_77,159,0.2701548727178886
1491,1491,draw_77,166,0.2118991981290283
1492,1492,draw_770,159,0.2628094448230613
1493,1493,draw_770,166,0.21495536655990363
1494,1494,draw_771,159,0.28369260695211906
1495,1495,draw_771,166,0.20825877628852305
1496,1496,draw_772,159,0.2735345628894076
1497,1497,draw_772,166,0.20865112988621068
1498,1498,draw_773,159,0.2765419901965539
1499,1499,draw_773,166,0.2027371598699993
1500,1500,draw_774,159,0.273695586148369
1501,1501,draw_774,166,0.20558315257014972
1502,1502,draw_775,159,0.26798544198314794
1503,1503,draw_775,166,0.21129004585279046
1504,1504,draw_776,159,0.2612739944993708
1505,1505,draw_776,166,0.21052777667255815
1506,1506,draw_777,159,0.27402340297194105
1507,1507,draw_777,166,0.2076063075494683
1508,1508,draw_778,159,0.2776870753479277
1509,1509,draw_778,166,0.2150346705927443
1510,1510,draw_779,159,0.2754430804126997
1511,1511,draw_779,166,0.21130324454884433
1512,1512,draw_78,159,0.2788428561678514
1513,1513,draw_78,166,0.20921160545322817
1514,1514,draw_780,159,0.27448831969105203
1515,1515,draw_780,166,0.21560373474064778
1516,1516,draw_781,159,0.268588351205054
1517,1517,draw_781,166,0.20886298461434352
1518,1518,draw_782,159,0.27266503883955767
1519,1519,draw_782,166,0.2107368600536387
1520,1520,draw_783,159,0.27655449374380425
1521,1521,draw_783,166,0.2035015825145796
1522,1522,draw_784,159,0.27434576804192623
1523,1523,draw_784,166,0.2084550114571977
1524,1524,draw_785,159,0.2720985753757632
1525,1525,draw_785,166,0.20026124903618778
1526,1526,draw_786,159,0.27153727620830764
1527,1527,draw_786,166,0.21514448071401915
1528,1528,draw_787,159,0.2758046754087228
1529,1529,draw_787,166,0.21046633845551077
1530,1530,draw_788,159,0.282242643426722
1531,1531,draw_788,166,0.20823613352483106
1532,1532,draw_789,159,0.27851928706640827
1533,1533,draw_789,166,0.20440456051113523
1534,1534,draw_79,159,0.2625205324327927
1535,1535,draw_79,166,0.20417738820786652
1536,1536,draw_790,159,0.2615593426766639
1537,1537,draw_790,166,0.20224990018965744
1538,1538,draw_791,159,0.2673954772849661
1539,1539,draw_791,166,0.20686101658912912
1540,1540,draw_792,159,0.2746954046237619
1541,1541,draw_792,166,0.2037042519780668
1542,1542,draw_793,159,0.27410179465906237
1543,1543,draw_793,166,0.20974476289646668
1544,1544,draw_794,159,0.27615455188807597
1545,1545,draw_794,166,0.2083173255278409
1546,1546,draw_795,159,0.27590293802828647
1547,1547,draw_795,166,0.20824150138681863
1548,1548,draw_796,159,0.276352508549974
1549,1549,draw_796,166,0.21699659498746754
1550,1550,draw_797,159,0.27619511932074675
1551,1551,draw_797,166,0.2101363582913672
1552,1552,draw_798,159,0.27576357754504943
1553,1553,draw_798,166,0.20756357098554856
1554,1554,draw_799,159,0.27381472853944894
1555,1555,draw_799,166,0.2093620001947466
1556,1556,draw_8,159,0.26875747982239784
1557,1557,draw_8,166,0.2005281728522972
1558,1558,draw_80,159,0.2788920946024694
1559,1559,draw_80,166,0.21179468097049378
1560,1560,draw_800,159,0.27355024602655686
1561,1561,draw_800,166,0.2048310077159199
1562,1562,draw_801,159,0.2825042508608007
1563,1563,draw_801,166,0.20362937299488937
1564,1564,draw_802,159,0.27042982454027903
1565,1565,draw_802,166,0.19890139560631348
1566,1566,draw_803,159,0.2726555889984146
1567,1567,draw_803,166,0.2086963555958824
1568,1568,draw_804,159,0.2718335464379572
1569,1569,draw_804,166,0.20433469284466854
1570,1570,draw_805,159,0.27977172050431437
1571,1571,draw_805,166,0.2075366965798043
1572,1572,draw_806,159,0.2649558438400144
1573,1573,draw_806,166,0.2081753286112054
1574,1574,draw_807,159,0.2752603728872144
1575,1575,draw_807,166,0.20923354887070156
1576,1576,draw_808,159,0.27332184689141115
1577,1577,draw_808,166,0.2107668353959175
1578,1578,draw_809,159,0.27191514311683473
1579,1579,draw_809,166,0.2015802599369311
1580,1580,draw_81,159,0.2690818189361938
1581,1581,draw_81,166,0.2032924558374245
1582,1582,draw_810,159,0.27487707731859423
1583,1583,draw_810,166,0.20920552272405873
1584,1584,draw_811,159,0.2689082955433428
1585,1585,draw_811,166,0.20393007889581466
1586,1586,draw_812,159,0.26868652865313186
1587,1587,draw_812,166,0.21388482594878766
1588,1588,draw_813,159,0.2677848740721248
1589,1589,draw_813,166,0.2047167131936938
1590,1590,draw_814,159,0.2753286719750014
1591,1591,draw_814,166,0.20139071676108075
1592,1592,draw_815,159,0.28287548139730534
1593,1593,draw_815,166,0.2144997660073798
1594,1594,draw_816,159,0.26808388174535885
1595,1595,draw_816,166,0.20751310525834052
1596,1596,draw_817,159,0.2868606728696443
1597,1597,draw_817,166,0.21759821272721988
1598,1598,draw_818,159,0.2802563079294129
1599,1599,draw_818,166,0.20735459055741254
1600,1600,draw_819,159,0.2815870735870953
1601,1601,draw_819,166,0.20699649408075307
1602,1602,draw_82,159,0.2788824926162585
1603,1603,draw_82,166,0.20294491158854744
1604,1604,draw_820,159,0.2748824539460801
1605,1605,draw_820,166,0.20481707154338027
1606,1606,draw_821,159,0.26808347488411954
1607,1607,draw_821,166,0.20131258344763722
1608,1608,draw_822,159,0.2810564833251574
1609,1609,draw_822,166,0.20524437145404884
1610,1610,draw_823,159,0.27247839346473396
1611,1611,draw_823,166,0.21339045402958273
1612,1612,draw_824,159,0.2681042186077265
1613,1613,draw_824,166,0.2047417211670691
1614,1614,draw_825,159,0.26901100748146795
1615,1615,draw_825,166,0.20234428435574625
1616,1616,draw_826,159,0.2742979426133342
1617,1617,draw_826,166,0.20853105758958185
1618,1618,draw_827,159,0.27839594089825764
1619,1619,draw_827,166,0.21275064573897412
1620,1620,draw_828,159,0.27692080274819947
1621,1621,draw_828,166,0.20775481501593776
1622,1622,draw_829,159,0.2766452759958293
1623,1623,draw_829,166,0.20322713165433198
1624,1624,draw_83,159,0.2760091640113561
1625,1625,draw_83,166,0.21599902480298647
1626,1626,draw_830,159,0.2768731772454152
1627,1627,draw_830,166,0.20911130913538306
1628,1628,draw_831,159,0.276502601575504
1629,1629,draw_831,166,0.20735775128889838
1630,1630,draw_832,159,0.26904109287549133
1631,1631,draw_832,166,0.20232984648701818
1632,1632,draw_833,159,0.2679344306889159
1633,1633,draw_833,166,0.2001802634830088
1634,1634,draw_834,159,0.2791569726714924
1635,1635,draw_834,166,0.20854691683524837
1636,1636,draw_835,159,0.271979046980514
1637,1637,draw_835,166,0.20269846855506723
1638,1638,draw_836,159,0.2740094943381408
1639,1639,draw_836,166,0.20497120589560708
1640,1640,draw_837,159,0.2797484240265745
1641,1641,draw_837,166,0.20772896636754085
1642,1642,draw_838,159,0.2659560488800336
1643,1643,draw_838,166,0.202463505763905
1644,1644,draw_839,159,0.27801287307581873
1645,1645,draw_839,166,0.21269032197303298
1646,1646,draw_84,159,0.2741377782280228
1647,1647,draw_84,166,0.2083631483940724
1648,1648,draw_840,159,0.2628266953701065
1649,1649,draw_840,166,0.20302932544420696
1650,1650,draw_841,159,0.27665520202455934
1651,1651,draw_841,166,0.2087037143918176
1652,1652,draw_842,159,0.27382485394920075
1653,1653,draw_842,166,0.20750157322099178
1654,1654,draw_843,159,0.27050369503096783
1655,1655,draw_843,166,0.2097562982976106
1656,1656,draw_844,159,0.27629004006565133
1657,1657,draw_844,166,0.20361354617671448
1658,1658,draw_845,159,0.2715671946670455
1659,1659,draw_845,166,0.2093060877064522
1660,1660,draw_846,159,0.27733122030041873
1661,1661,draw_846,166,0.2143279392466351
1662,1662,draw_847,159,0.2653831750011003
1663,1663,draw_847,166,0.20674945175789997
1664,1664,draw_848,159,0.2761167225580255
1665,1665,draw_848,166,0.21004500349232283
1666,1666,draw_849,159,0.268919801160916
1667,1667,draw_849,166,0.2074342656309823
1668,1668,draw_85,159,0.2828732513270591
1669,1669,draw_85,166,0.21115930479847422
1670,1670,draw_850,159,0.2740973102274838
1671,1671,draw_850,166,0.2055066309913232
1672,1672,draw_851,159,0.2853033921345065
1673,1673,draw_851,166,0.21061566636760565
1674,1674,draw_852,159,0.28101050862636506
1675,1675,draw_852,166,0.20603262683954796
1676,1676,draw_853,159,0.2775219482829476
1677,1677,draw_853,166,0.21204812172914703
1678,1678,draw_854,159,0.2802159449386822
1679,1679,draw_854,166,0.21335846224439334
1680,1680,draw_855,159,0.27897481602335794
1681,1681,draw_855,166,0.2125358494220752
1682,1682,draw_856,159,0.2606660677766302
1683,1683,draw_856,166,0.21093249556203866
1684,1684,draw_857,159,0.27978171564288196
1685,1685,draw_857,166,0.20353357020905435
1686,1686,draw_858,159,0.27772276985639954
1687,1687,draw_858,166,0.19993976750222286
1688,1688,draw_859,159,0.2757951737027914
1689,1689,draw_859,166,0.20828793828556372
1690,1690,draw_86,159,0.272024982381331
1691,1691,draw_86,166,0.19781118345877077
1692,1692,draw_860,159,0.2698196619692181
1693,1693,draw_860,166,0.21015125882427088
1694,1694,draw_861,159,0.2846171123452707
1695,1695,draw_861,166,0.2112693122501131
1696,1696,draw_862,159,0.27680119100581074
1697,1697,draw_862,166,0.19767737979236893
1698,1698,draw_863,159,0.2842206072947926
1699,1699,draw_863,166,0.20753071948655183
1700,1700,draw_864,159,0.28440491802564805
1701,1701,draw_864,166,0.2143787720897298
1702,1702,draw_865,159,0.2702852916781747
1703,1703,draw_865,166,0.2045040274035111
1704,1704,draw_866,159,0.27959935163721433
1705,1705,draw_866,166,0.21086474357229348
1706,1706,draw_867,159,0.2739700634283269
1707,1707,draw_867,166,0.20848214830745518
1708,1708,draw_868,159,0.2808805885078964
1709,1709,draw_868,166,0.21575976406487102
1710,1710,draw_869,159,0.2721990330747869
1711,1711,draw_869,166,0.20744612451155875
1712,1712,draw_87,159,0.2741727358522983
1713,1713,draw_87,166,0.20950803843778606
1714,1714,draw_870,159,0.27144374467734134
1715,1715,draw_870,166,0.20791387483076842
1716,1716,draw_871,159,0.2766685151080738
1717,1717,draw_871,166,0.20394244381459278
1718,1718,draw_872,159,0.27418699845019334
1719,1719,draw_872,166,0.20189548444338984
1720,1720,draw_873,159,0.2732930472899406
1721,1721,draw_873,166,0.2112083478332658
1722,1722,draw_874,159,0.2754749047143582
1723,1723,draw_874,166,0.20632445637758548
1724,1724,draw_875,159,0.27671838201427873
1725,1725,draw_875,166,0.20369063333568158
1726,1726,draw_876,159,0.27832148437255394
1727,1727,draw_876,166,0.2068075546787497
1728,1728,draw_877,159,0.2821776304081959
1729,1729,draw_877,166,0.2050240288114829
1730,1730,draw_878,159,0.2772023248857775
1731,1731,draw_878,166,0.20473784247257054
1732,1732,draw_879,159,0.27176298803736054
1733,1733,draw_879,166,0.19698570826770007
1734,1734,draw_88,159,0.26345028932535997
1735,1735,draw_88,166,0.20758773910789471
1736,1736,draw_880,159,0.2659748558791855
1737,1737,draw_880,166,0.20764712702137333
1738,1738,draw_881,159,0.28679341770281974
1739,1739,draw_881,166,0.2117396988308752
1740,1740,draw_882,159,0.27303261239598997
1741,1741,draw_882,166,0.2081966987817648
1742,1742,draw_883,159,0.27157460561127106
1743,1743,draw_883,166,0.2061654103561124
1744,1744,draw_884,159,0.27345665750088344
1745,1745,draw_884,166,0.20163019941662705
1746,1746,draw_885,159,0.27642829122189977
1747,1747,draw_885,166,0.21076018901227608
1748,1748,draw_886,159,0.2813752486655724
1749,1749,draw_886,166,0.20755097164456518
1750,1750,draw_887,159,0.2890274108777604
1751,1751,draw_887,166,0.20848833670157013
1752,1752,draw_888,159,0.27194037373928176
1753,1753,draw_888,166,0.21354832008223298
1754,1754,draw_889,159,0.28500359465663183
1755,1755,draw_889,166,0.20714955330892118
1756,1756,draw_89,159,0.2737740039620925
1757,1757,draw_89,166,0.20754899003824692
1758,1758,draw_890,159,0.27822065053161543
1759,1759,draw_890,166,0.2092285374866356
1760,1760,draw_891,159,0.27465994376124325
1761,1761,draw_891,166,0.20931603734464974
1762,1762,draw_892,159,0.28766055254132583
1763,1763,draw_892,166,0.21041778442771802
1764,1764,draw_893,159,0.2748460889137309
1765,1765,draw_893,166,0.20921645938870714
1766,1766,draw_894,159,0.277336006117747
1767,1767,draw_894,166,0.21231831684304106
1768,1768,draw_895,159,0.27280976759798864
1769,1769,draw_895,166,0.21245794000753776
1770,1770,draw_896,159,0.2727380557584968
1771,1771,draw_896,166,0.209784602597329
1772,1772,draw_897,159,0.2723314011351436
1773,1773,draw_897,166,0.20719750613446797
1774,1774,draw_898,159,0.2786323053358108
1775,1775,draw_898,166,0.21112489507551757
1776,1776,draw_899,159,0.2828668941851433
1777,1777,draw_899,166,0.20712896200214562
1778,1778,draw_9,159,0.27546204680832836
1779,1779,draw_9,166,0.21320069889102783
1780,1780,draw_90,159,0.27539823688078535
1781,1781,draw_90,166,0.20769261565456387
1782,1782,draw_900,159,0.27002542757036857
1783,1783,draw_900,166,0.2128118907482288
1784,1784,draw_901,159,0.26807997840636316
1785,1785,draw_901,166,0.20260508102514832
1786,1786,draw_902,159,0.2769503012530824
1787,1787,draw_902,166,0.20782301418982527
1788,1788,draw_903,159,0.2736963990029336
1789,1789,draw_903,166,0.20725471296412007
1790,1790,draw_904,159,0.27179243600812686
1791,1791,draw_904,166,0.20248253992492793
1792,1792,draw_905,159,0.2729204843941424
1793,1793,draw_905,166,0.20797883412814386
1794,1794,draw_906,159,0.2815011490316621
1795,1795,draw_906,166,0.20750876893049683
1796,1796,draw_907,159,0.2679990039831212
1797,1797,draw_907,166,0.20517957908297713
1798,1798,draw_908,159,0.2620803350605019
1799,1799,draw_908,166,0.2078977239385903
1800,1800,draw_909,159,0.2793330989080536
1801,1801,draw_909,166,0.20764741102186118
1802,1802,draw_91,159,0.2734575721845372
1803,1803,draw_91,166,0.20603663504094055
1804,1804,draw_910,159,0.2714017401457485
1805,1805,draw_910,166,0.2144681825059307
1806,1806,draw_911,159,0.27838821590932045
1807,1807,draw_911,166,0.20610624253061252
1808,1808,draw_912,159,0.26512348202686414
1809,1809,draw_912,166,0.2061688515262882
1810,1810,draw_913,159,0.27279417325368266
1811,1811,draw_913,166,0.20823941353644618
1812,1812,draw_914,159,0.27794832755586196
1813,1813,draw_914,166,0.21954047539050373
1814,1814,draw_915,159,0.2748399770944805
1815,1815,draw_915,166,0.21068145883667694
1816,1816,draw_916,159,0.26769492441191656
1817,1817,draw_916,166,0.20989494384333177
1818,1818,draw_917,159,0.27746827346545305
1819,1819,draw_917,166,0.19850259102449253
1820,1820,draw_918,159,0.26918153319409494
1821,1821,draw_918,166,0.2073034866452737
1822,1822,draw_919,159,0.2713646188021271
1823,1823,draw_919,166,0.2033332451782399
1824,1824,draw_92,159,0.28070837574348045
1825,1825,draw_92,166,0.20564359840029972
1826,1826,draw_920,159,0.27261340943751483
1827,1827,draw_920,166,0.2091697889533006
1828,1828,draw_921,159,0.27215535966575227
1829,1829,draw_921,166,0.2106739848774699
1830,1830,draw_922,159,0.26993838401162423
1831,1831,draw_922,166,0.2083426565245563
1832,1832,draw_923,159,0.2800904683855052
1833,1833,draw_923,166,0.20923816047425753
1834,1834,draw_924,159,0.2778979200696055
1835,1835,draw_924,166,0.2093937542378037
1836,1836,draw_925,159,0.270060036855244
1837,1837,draw_925,166,0.20703213590824274
1838,1838,draw_926,159,0.2808640285379042
1839,1839,draw_926,166,0.20441488440551492
1840,1840,draw_927,159,0.2674703567812664
1841,1841,draw_927,166,0.21483532465960975
1842,1842,draw_928,159,0.2707653689914122
1843,1843,draw_928,166,0.20519143208781443
1844,1844,draw_929,159,0.2765750083222056
1845,1845,draw_929,166,0.20657870172934065
1846,1846,draw_93,159,0.2772184606464368
1847,1847,draw_93,166,0.19930679267214502
1848,1848,draw_930,159,0.2711780140350988
1849,1849,draw_930,166,0.20470438379470776
1850,1850,draw_931,159,0.27970089282280153
1851,1851,draw_931,166,0.20733572817915472
1852,1852,draw_932,159,0.27071592803795536
1853,1853,draw_932,166,0.20405563825183148
1854,1854,draw_933,159,0.2842318415704896
1855,1855,draw_933,166,0.20850106751486205
1856,1856,draw_934,159,0.2737813425303882
1857,1857,draw_934,166,0.20325309036526762
1858,1858,draw_935,159,0.27831829740419073
1859,1859,draw_935,166,0.20456071242895177
1860,1860,draw_936,159,0.2789193316879936
1861,1861,draw_936,166,0.21197398802103104
1862,1862,draw_937,159,0.2823880796263614
1863,1863,draw_937,166,0.21670080990658716
1864,1864,draw_938,159,0.27203283179614623
1865,1865,draw_938,166,0.21140099120139574
1866,1866,draw_939,159,0.2837019750743711
1867,1867,draw_939,166,0.20345843999615176
1868,1868,draw_94,159,0.2733318864973945
1869,1869,draw_94,166,0.20812970083874474
1870,1870,draw_940,159,0.2784927481625604
1871,1871,draw_940,166,0.21032248680379848
1872,1872,draw_941,159,0.27761574303684033
1873,1873,draw_941,166,0.20655734355113378
1874,1874,draw_942,159,0.2730770442249341
1875,1875,draw_942,166,0.21647530486838468
1876,1876,draw_943,159,0.27154200350616464
1877,1877,draw_943,166,0.21042328037338615
1878,1878,draw_944,159,0.2812025007843472
1879,1879,draw_944,166,0.21692856194794594
1880,1880,draw_945,159,0.27014326404115835
1881,1881,draw_945,166,0.21006628330025404
1882,1882,draw_946,159,0.27702027807792506
1883,1883,draw_946,166,0.20438188609346808
1884,1884,draw_947,159,0.27780231329399463
1885,1885,draw_947,166,0.20936218660314862
1886,1886,draw_948,159,0.28161968024538314
1887,1887,draw_948,166,0.19982168973053221
1888,1888,draw_949,159,0.2711644646457681
1889,1889,draw_949,166,0.20615455790993048
1890,1890,draw_95,159,0.2833690718725137
1891,1891,draw_95,166,0.21262713756136511
1892,1892,draw_950,159,0.28545488750487785
1893,1893,draw_950,166,0.2031853281522193
1894,1894,draw_951,159,0.2856838454159376
1895,1895,draw_951,166,0.2139989301348141
1896,1896,draw_952,159,0.26970044818030203
1897,1897,draw_952,166,0.20664858641827832
1898,1898,draw_953,159,0.274424549374081
1899,1899,draw_953,166,0.21325384872448214
1900,1900,draw_954,159,0.27755183357550295
1901,1901,draw_954,166,0.2062787503511794
1902,1902,draw_955,159,0.2660699958353013
1903,1903,draw_955,166,0.20828373736282513
1904,1904,draw_956,159,0.2736725947126708
1905,1905,draw_956,166,0.20845963306153711
1906,1906,draw_957,159,0.27599551688939655
1907,1907,draw_957,166,0.2030235472411058
1908,1908,draw_958,159,0.2716487272508543
1909,1909,draw_958,166,0.21493237758997621
1910,1910,draw_959,159,0.2765504234901377
1911,1911,draw_959,166,0.21294024132846337
1912,1912,draw_96,159,0.2724426546718719
1913,1913,draw_96,166,0.20614736803310893
1914,1914,draw_960,159,0.2711500332010707
1915,1915,draw_960,166,0.20635206863856637
1916,1916,draw_961,159,0.26915189785469
1917,1917,draw_961,166,0.2088901481697565
1918,1918,draw_962,159,0.2800813797773624
1919,1919,draw_962,166,0.20813246554463605
1920,1920,draw_963,159,0.2812955211885623
1921,1921,draw_963,166,0.2098407647280141
1922,1922,draw_964,159,0.2851841797330266
1923,1923,draw_964,166,0.20622673161195426
1924,1924,draw_965,159,0.27412991192995007
1925,1925,draw_965,166,0.20835894875305896
1926,1926,draw_966,159,0.2722046625180269
1927,1927,draw_966,166,0.2048122223480368
1928,1928,draw_967,159,0.2717464705859457
1929,1929,draw_967,166,0.2023484178252519
1930,1930,draw_968,159,0.2742464222967297
1931,1931,draw_968,166,0.20367322228604523
1932,1932,draw_969,159,0.26966447668019566
1933,1933,draw_969,166,0.20562313256998818
1934,1934,draw_97,159,0.2775822856589065
1935,1935,draw_97,166,0.2047703458633196
1936,1936,draw_970,159,0.27193438688304916
1937,1937,draw_970,166,0.20438265434568179
1938,1938,draw_971,159,0.2876596105351422
1939,1939,draw_971,166,0.21843808166420878
1940,1940,draw_972,159,0.2660359364363666
1941,1941,draw_972,166,0.21045953375848583
1942,1942,draw_973,159,0.27144285314128247
1943,1943,draw_973,166,0.20825693717605778
1944,1944,draw_974,159,0.26762410948565474
1945,1945,draw_974,166,0.1993958694553037
1946,1946,draw_975,159,0.27147758765877267
1947,1947,draw_975,166,0.20164087184996227
1948,1948,draw_976,159,0.2791094326510003
1949,1949,draw_976,166,0.20215904069469867
1950,1950,draw_977,159,0.26625227622646874
1951,1951,draw_977,166,0.20960711807858
1952,1952,draw_978,159,0.2582079720107782
1953,1953,draw_978,166,0.20915961816015893
1954,1954,draw_979,159,0.2814629136653597
1955,1955,draw_979,166,0.20724859474455004
1956,1956,draw_98,159,0.27300884103011697
1957,1957,draw_98,166,0.20976587109128084
1958,1958,draw_980,159,0.2739641654913421
1959,1959,draw_980,166,0.20757286114954335
1960,1960,draw_981,159,0.277642003313758
1961,1961,draw_981,166,0.20866224667722336
1962,1962,draw_982,159,0.2758572967492914
1963,1963,draw_982,166,0.20733930271417228
1964,1964,draw_983,159,0.27571691955700706
1965,1965,draw_983,166,0.20195988714165183
1966,1966,draw_984,159,0.2675625604341537
1967,1967,draw_984,166,0.20306075771113738
1968,1968,draw_985,159,0.2772113186444064
1969,1969,draw_985,166,0.2039461638001229
1970,1970,draw_986,159,0.27444363150522916
1971,1971,draw_986,166,0.20474830792975462
1972,1972,draw_987,159,0.27484246887571384
1973,1973,draw_987,166,0.20334830257945735
1974,1974,draw_988,159,0.27377143910856183
1975,1975,draw_988,166,0.2086485472949599
1976,1976,draw_989,159,0.26415247017175997
1977,1977,draw_989,166,0.20559396336973956
1978,1978,draw_99,159,0.28046433742448185
1979,1979,draw_99,166,0.20051457533356273
1980,1980,draw_990,159,0.27060389025518783
1981,1981,draw_990,166,0.20989309854628627
1982,1982,draw_991,159,0.2758108084166138
1983,1983,draw_991,166,0.20748181030505866
1984,1984,draw_992,159,0.27488102694512
1985,1985,draw_992,166,0.20945381907764354
1986,1986,draw_993,159,0.2646635482000499
1987,1987,draw_993,166,0.21048385746459916
1988,1988,draw_994,159,0.2851798078999855
1989,1989,draw_994,166,0.20579773916847993
1990,1990,draw_995,159,0.2731537043815315
1991,1991,draw_995,166,0.21011751303371848
1992,1992,draw_996,159,0.27522337687329307
1993,1993,draw_996,166,0.2078633448572581
1994,1994,draw_997,159,0.2701050455983496
1995,1995,draw_997,166,0.20491723156589522
1996,1996,draw_998,159,0.28027491318651376
1997,1997,draw_998,166,0.21742558679417703
1998,1998,draw_999,159,0.28012979964485957
1999,1999,draw_999,166,0.20997439972918028