,draw,location_id,value
0,draw_0,159,0.2712414298733819
1,draw_0,166,0.1756654997587708
2,draw_1,159,0.28693506856128775
3,draw_1,166,0.1794535040262754
4,draw_10,159,0.3469935812079542
5,draw_10,166,0.22269808490696025
6,draw_100,159,0.4797331867921777
7,draw_100,166,0.2960253710137114
8,draw_101,159,0.5613288485998543
9,draw_101,166,0.416938003848971
10,draw_102,159,0.33877582699945485
11,draw_102,166,0.21978556195972085
12,draw_103,159,0.29557122982421175
13,draw_103,166,0.18954128275158424
14,draw_104,159,0.21810270646650276
15,draw_104,166,0.14982650189418759
16,draw_105,159,0.5352107110903804
17,draw_105,166,0.32915507270983846
18,draw_106,159,0.2424769963491763
19,draw_106,166,0.1515598750456295
20,draw_107,159,0.2820232694358836
21,draw_107,166,0.15277551095571665
22,draw_108,159,0.21885087369547096
23,draw_108,166,0.1411192107867493
24,draw_109,159,0.20447546155957994
25,draw_109,166,0.15830190964630908
26,draw_11,159,0.5120352562976118
27,draw_11,166,0.37270600559501016
28,draw_110,159,0.41635958457278266
29,draw_110,166,0.33367818079578226
30,draw_111,159,0.41395478988429785
31,draw_111,166,0.28054061855454543
32,draw_112,159,0.20828026952159534
33,draw_112,166,0.1263819983802588
34,draw_113,159,0.38184794935291283
35,draw_113,166,0.2479862894814195
36,draw_114,159,0.2573459589749928
37,draw_114,166,0.17845149180363187
38,draw_115,159,0.40773876068734854
39,draw_115,166,0.26225051919725595
40,draw_116,159,0.2676374774176918
41,draw_116,166,0.178981556364107
42,draw_117,159,0.3175931256203963
43,draw_117,166,0.1799770566817305
44,draw_118,159,0.34254878345665124
45,draw_118,166,0.20097720814285627
46,draw_119,159,0.39693318698187285
47,draw_119,166,0.23793930705586083
48,draw_12,159,0.41934128388684044
49,draw_12,166,0.24968820531996605
50,draw_120,159,0.43921487306553364
51,draw_120,166,0.27403743952385606
52,draw_121,159,0.27368223851110324
53,draw_121,166,0.17149002421115425
54,draw_122,159,0.3267459690327327
55,draw_122,166,0.22052512823165446
56,draw_123,159,0.23215377639646934
57,draw_123,166,0.17599920636194613
58,draw_124,159,0.3939177111040756
59,draw_124,166,0.26781111302436306
60,draw_125,159,0.5172304572297447
61,draw_125,166,0.35959051001503956
62,draw_126,159,0.42490358469577955
63,draw_126,166,0.27618371499355665
64,draw_127,159,0.47664863055072354
65,draw_127,166,0.3139623733516579
66,draw_128,159,0.3948410083641437
67,draw_128,166,0.25353814186501006
68,draw_129,159,0.4402862529837177
69,draw_129,166,0.2820087463142774
70,draw_13,159,0.4710011216088668
71,draw_13,166,0.29453816020366524
72,draw_130,159,0.35832345588703257
73,draw_130,166,0.2103921770835677
74,draw_131,159,0.41937833020024057
75,draw_131,166,0.26548620569081965
76,draw_132,159,0.5923979695668434
77,draw_132,166,0.4775629003547437
78,draw_133,159,0.3583283444199058
79,draw_133,166,0.21339209162111722
80,draw_134,159,0.0
81,draw_134,166,0.0
82,draw_135,159,0.47500602056658536
83,draw_135,166,0.3500169152720714
84,draw_136,159,0.6304248081705752
85,draw_136,166,0.49411575252977535
86,draw_137,159,0.5168412975540357
87,draw_137,166,0.42620341017355534
88,draw_138,159,0.35795888721566604
89,draw_138,166,0.2281511172966165
90,draw_139,159,0.49398036690250774
91,draw_139,166,0.34185385655941397
92,draw_14,159,0.5978161859731701
93,draw_14,166,0.46448006694397775
94,draw_140,159,0.43095585003182335
95,draw_140,166,0.2715081047155763
96,draw_141,159,0.4680697845626297
97,draw_141,166,0.3265261983349687
98,draw_142,159,0.34640542262480134
99,draw_142,166,0.21214447283059132
100,draw_143,159,0.4210581158934884
101,draw_143,166,0.27953125372806953
102,draw_144,159,0.4075108901152283
103,draw_144,166,0.2512631387863535
104,draw_145,159,0.44634137096482945
105,draw_145,166,0.30824431730205976
106,draw_146,159,0.49574057343455646
107,draw_146,166,0.3142479636773695
108,draw_147,159,0.5225842933601097
109,draw_147,166,0.3399801059134392
110,draw_148,159,0.5118116700377122
111,draw_148,166,0.32803761160472394
112,draw_149,159,0.340333399636245
113,draw_149,166,0.19839397469120396
114,draw_15,159,0.34534590152930655
115,draw_15,166,0.20229288798169956
116,draw_150,159,0.2522708397755107
117,draw_150,166,0.16522066630522703
118,draw_151,159,0.386560352850468
119,draw_151,166,0.23070421458701143
120,draw_152,159,0.3372081150606266
121,draw_152,166,0.20582299397240214
122,draw_153,159,0.3375464262053112
123,draw_153,166,0.19849747563479395
124,draw_154,159,0.42148644528450696
125,draw_154,166,0.2639409160405888
126,draw_155,159,0.42327388766028834
127,draw_155,166,0.23965536105268392
128,draw_156,159,0.45537032751932927
129,draw_156,166,0.3119930675131058
130,draw_157,159,0.5507490563099354
131,draw_157,166,0.42391927324399153
132,draw_158,159,0.4458663035534457
133,draw_158,166,0.2518889624591858
134,draw_159,159,0.44969281639218883
135,draw_159,166,0.28129154646687
136,draw_16,159,0.531419757252918
137,draw_16,166,0.38431334961339214
138,draw_160,159,0.46646030799565946
139,draw_160,166,0.3275776570817842
140,draw_161,159,0.36188402231941663
141,draw_161,166,0.20163057550589084
142,draw_162,159,0.2884125382738405
143,draw_162,166,0.17798688436804164
144,draw_163,159,0.375089794268627
145,draw_163,166,0.226091197067742
146,draw_164,159,0.6098375825472723
147,draw_164,166,0.4620794025081585
148,draw_165,159,0.0
149,draw_165,166,0.0
150,draw_166,159,0.39906720191053346
151,draw_166,166,0.24743896782911862
152,draw_167,159,0.27137581791072274
153,draw_167,166,0.16728762526571805
154,draw_168,159,0.3634495738224206
155,draw_168,166,0.21226722220986535
156,draw_169,159,0.5066050311881449
157,draw_169,166,0.35374714119808615
158,draw_17,159,0.5000672917723039
159,draw_17,166,0.34450906348287785
160,draw_170,159,0.3915930725710526
161,draw_170,166,0.23262833957843365
162,draw_171,159,0.5235877753510476
163,draw_171,166,0.42823515692836506
164,draw_172,159,0.472083636808596
165,draw_172,166,0.2908732709093123
166,draw_173,159,0.41795437485847864
167,draw_173,166,0.2584648065229408
168,draw_174,159,0.36454620993435405
169,draw_174,166,0.22616605700243542
170,draw_175,159,0.5263942203993296
171,draw_175,166,0.39656729922571204
172,draw_176,159,0.4385352960823757
173,draw_176,166,0.2867871821387079
174,draw_177,159,0.5228353388147035
175,draw_177,166,0.35414343027974937
176,draw_178,159,0.3096741239600273
177,draw_178,166,0.20051288095253797
178,draw_179,159,0.3504154252498824
179,draw_179,166,0.24252611865671095
180,draw_18,159,0.585433220479216
181,draw_18,166,0.4756314155601223
182,draw_180,159,0.413299422732499
183,draw_180,166,0.2498227926162572
184,draw_181,159,0.3954121108983783
185,draw_181,166,0.23997144676300228
186,draw_182,159,0.3078180047593155
187,draw_182,166,0.17876779942264517
188,draw_183,159,0.4584358575063906
189,draw_183,166,0.24917312488033266
190,draw_184,159,0.5399317298323043
191,draw_184,166,0.4190656936203848
192,draw_185,159,0.4069925708242363
193,draw_185,166,0.24377317017217787
194,draw_186,159,0.3371779125484196
195,draw_186,166,0.2120395372353205
196,draw_187,159,0.4652687888060069
197,draw_187,166,0.3103119628379662
198,draw_188,159,0.34330565564481885
199,draw_188,166,0.19734426109823847
200,draw_189,159,0.43098610275295174
201,draw_189,166,0.27394751044503374
202,draw_19,159,0.36064928226765636
203,draw_19,166,0.21291532804870233
204,draw_190,159,0.29572429860807864
205,draw_190,166,0.17901345495015084
206,draw_191,159,0.4113353116870035
207,draw_191,166,0.23312641500940828
208,draw_192,159,0.36699679069265817
209,draw_192,166,0.21070114624935485
210,draw_193,159,0.35803213497281466
211,draw_193,166,0.21104342272311566
212,draw_194,159,0.44005091112220696
213,draw_194,166,0.2737563707176619
214,draw_195,159,0.3987649017486101
215,draw_195,166,0.24918616763583162
216,draw_196,159,0.24247046056319974
217,draw_196,166,0.16078723448385243
218,draw_197,159,0.3884709629348372
219,draw_197,166,0.2404295122001634
220,draw_198,159,0.41191583483919536
221,draw_198,166,0.26365287784653907
222,draw_199,159,0.2645893279696721
223,draw_199,166,0.15795817127794742
224,draw_2,159,0.4528586139220638
225,draw_2,166,0.30754772403103425
226,draw_20,159,0.5210220151963428
227,draw_20,166,0.3398724869846071
228,draw_200,159,0.5812828755208906
229,draw_200,166,0.49234679197497383
230,draw_201,159,0.3861965695504588
231,draw_201,166,0.24585713654605149
232,draw_202,159,0.40834252916961017
233,draw_202,166,0.276936382517927
234,draw_203,159,0.338776076595738
235,draw_203,166,0.22118370511832455
236,draw_204,159,0.4248731708693827
237,draw_204,166,0.24900744965743213
238,draw_205,159,0.27872072337492465
239,draw_205,166,0.18454355623076557
240,draw_206,159,0.446350493931718
241,draw_206,166,0.28267299705384913
242,draw_207,159,0.40256358214846866
243,draw_207,166,0.22402045583962613
244,draw_208,159,0.5087521463145117
245,draw_208,166,0.4226257776222244
246,draw_209,159,0.3383991196062664
247,draw_209,166,0.22911510559431789
248,draw_21,159,0.43173214906015706
249,draw_21,166,0.2846352074394233
250,draw_210,159,0.4530129542360381
251,draw_210,166,0.28630353695066546
252,draw_211,159,0.5235713343560607
253,draw_211,166,0.3841302183325401
254,draw_212,159,0.3562679089711222
255,draw_212,166,0.22661523224836969
256,draw_213,159,0.3760320473766141
257,draw_213,166,0.22181375585643995
258,draw_214,159,0.3940765076117402
259,draw_214,166,0.22054320806558134
260,draw_215,159,0.4040446318791259
261,draw_215,166,0.24442031520399968
262,draw_216,159,0.47499227587861403
263,draw_216,166,0.2957734726223334
264,draw_217,159,0.4519502884351369
265,draw_217,166,0.2832341433473352
266,draw_218,159,0.2952953457215631
267,draw_218,166,0.1824082637441464
268,draw_219,159,0.490474707587055
269,draw_219,166,0.326246638199772
270,draw_22,159,0.5961757019891286
271,draw_22,166,0.5473045694960936
272,draw_220,159,0.2572201657835923
273,draw_220,166,0.15916467168027532
274,draw_221,159,0.49085391649320387
275,draw_221,166,0.31862033502807674
276,draw_222,159,0.4553979208611935
277,draw_222,166,0.38849940553340123
278,draw_223,159,0.2901677375677301
279,draw_223,166,0.1654238679290298
280,draw_224,159,0.36857242802971835
281,draw_224,166,0.19681903632202913
282,draw_225,159,0.34882024983436966
283,draw_225,166,0.20190016695902438
284,draw_226,159,0.2475464080048189
285,draw_226,166,0.167676441824584
286,draw_227,159,0.3398709392053072
287,draw_227,166,0.20188393024098403
288,draw_228,159,0.39764081105142984
289,draw_228,166,0.24083926984967488
290,draw_229,159,0.29125808092134065
291,draw_229,166,0.1686312475364287
292,draw_23,159,0.5018775464140889
293,draw_23,166,0.4163525683091154
294,draw_230,159,0.5357103905838962
295,draw_230,166,0.42053091772432444
296,draw_231,159,0.49398437066243417
297,draw_231,166,0.4059836718008551
298,draw_232,159,0.2960311869373183
299,draw_232,166,0.17121716328092118
300,draw_233,159,0.4322111263623385
301,draw_233,166,0.2501081414589847
302,draw_234,159,0.28712623597810216
303,draw_234,166,0.15626287954723406
304,draw_235,159,0.2781082038081651
305,draw_235,166,0.1735669846072763
306,draw_236,159,0.4258319482560329
307,draw_236,166,0.2656349501906229
308,draw_237,159,0.31910589011091955
309,draw_237,166,0.1847896585417654
310,draw_238,159,0.38427104794978084
311,draw_238,166,0.23197257507755573
312,draw_239,159,0.3882121261173993
313,draw_239,166,0.2574692798151946
314,draw_24,159,0.45915001966803876
315,draw_24,166,0.2935505967126927
316,draw_240,159,0.20091797262662503
317,draw_240,166,0.15105502495327727
318,draw_241,159,0.30830437533834687
319,draw_241,166,0.18088024698727717
320,draw_242,159,0.5340619739154263
321,draw_242,166,0.34154819300104616
322,draw_243,159,0.3184950471912749
323,draw_243,166,0.1862859556375337
324,draw_244,159,0.4714464101749546
325,draw_244,166,0.3244686386825154
326,draw_245,159,0.4439576698905004
327,draw_245,166,0.29004497204914836
328,draw_246,159,0.4651224695863879
329,draw_246,166,0.2771757801243836
330,draw_247,159,0.36179255687815887
331,draw_247,166,0.20540602174847514
332,draw_248,159,0.38332511434922467
333,draw_248,166,0.2233400475837516
334,draw_249,159,0.3476656076813735
335,draw_249,166,0.19925958558940762
336,draw_25,159,0.27827686020235315
337,draw_25,166,0.1618878514429581
338,draw_250,159,0.3998915940304254
339,draw_250,166,0.24939832877402845
340,draw_251,159,0.481600766546427
341,draw_251,166,0.3300862582672925
342,draw_252,159,0.2675179320060349
343,draw_252,166,0.15313531195306682
344,draw_253,159,0.5175971589263474
345,draw_253,166,0.3530922287022999
346,draw_254,159,0.30287164715139214
347,draw_254,166,0.17485367801412352
348,draw_255,159,0.426053069129822
349,draw_255,166,0.29082907499651356
350,draw_256,159,0.6346996017514476
351,draw_256,166,0.5531925529252709
352,draw_257,159,0.32006699732446586
353,draw_257,166,0.19049205429047225
354,draw_258,159,0.4359019659052793
355,draw_258,166,0.29003989802561186
356,draw_259,159,0.415357943548871
357,draw_259,166,0.2517197859851598
358,draw_26,159,0.23848151760025876
359,draw_26,166,0.15818712424200612
360,draw_260,159,0.3834160469687347
361,draw_260,166,0.2175466859347635
362,draw_261,159,0.373873932542652
363,draw_261,166,0.23040748167120323
364,draw_262,159,0.37647467076693175
365,draw_262,166,0.23390156583918223
366,draw_263,159,0.5952846824549216
367,draw_263,166,0.5295621895613662
368,draw_264,159,0.5417419292433081
369,draw_264,166,0.4409219599858755
370,draw_265,159,0.33437087109087354
371,draw_265,166,0.19778337620749212
372,draw_266,159,0.277171944321094
373,draw_266,166,0.18338178662661256
374,draw_267,159,0.6121863795436427
375,draw_267,166,0.5563433051920577
376,draw_268,159,0.47586733347575083
377,draw_268,166,0.3063710843369589
378,draw_269,159,0.3982935174972621
379,draw_269,166,0.24777862333420267
380,draw_27,159,0.54577357078414
381,draw_27,166,0.4418250183819644
382,draw_270,159,0.442963630592874
383,draw_270,166,0.2899066690802042
384,draw_271,159,0.3742752390911375
385,draw_271,166,0.22118833036722751
386,draw_272,159,0.4907881476607539
387,draw_272,166,0.28121677049153304
388,draw_273,159,0.3722720681262591
389,draw_273,166,0.23332400889546945
390,draw_274,159,0.2735437677542813
391,draw_274,166,0.17842551162902898
392,draw_275,159,0.407736249169079
393,draw_275,166,0.2590376295059682
394,draw_276,159,0.3825678088839975
395,draw_276,166,0.2067501707832401
396,draw_277,159,0.1791109683595904
397,draw_277,166,0.1682114393359366
398,draw_278,159,0.4926814969210704
399,draw_278,166,0.33602164897797043
400,draw_279,159,0.35052055868530063
401,draw_279,166,0.20542582165722956
402,draw_28,159,0.5349345598499624
403,draw_28,166,0.34722507568085537
404,draw_280,159,0.41422565069089756
405,draw_280,166,0.25230789422148764
406,draw_281,159,0.44549208897697135
407,draw_281,166,0.30545224841766316
408,draw_282,159,0.4828599052821502
409,draw_282,166,0.3345608271088753
410,draw_283,159,0.46847700364511835
411,draw_283,166,0.3001038326572741
412,draw_284,159,0.30837566803264505
413,draw_284,166,0.17782801637907752
414,draw_285,159,0.3396879094574891
415,draw_285,166,0.19429925604172363
416,draw_286,159,0.41808821940941404
417,draw_286,166,0.2635009263432244
418,draw_287,159,0.5220585754415983
419,draw_287,166,0.34733650376096586
420,draw_288,159,0.31285210119996687
421,draw_288,166,0.16810679593570302
422,draw_289,159,0.5586640384904268
423,draw_289,166,0.37227635724066943
424,draw_29,159,0.3284907411123059
425,draw_29,166,0.19421075043840855
426,draw_290,159,0.4053854537619487
427,draw_290,166,0.2613104360999267
428,draw_291,159,0.36640924194077873
429,draw_291,166,0.22060014612361584
430,draw_292,159,0.2807535220074665
431,draw_292,166,0.15574821750404022
432,draw_293,159,0.5575335454173008
433,draw_293,166,0.4490644898007883
434,draw_294,159,0.454143203154163
435,draw_294,166,0.3263075189915077
436,draw_295,159,0.3673439619449874
437,draw_295,166,0.20737063264662683
438,draw_296,159,0.3604088537867243
439,draw_296,166,0.20657032118909155
440,draw_297,159,0.3737828054247598
441,draw_297,166,0.22829829401616647
442,draw_298,159,0.3098442930493016
443,draw_298,166,0.19747689421430814
444,draw_299,159,0.4923957324530981
445,draw_299,166,0.31083041891171004
446,draw_3,159,0.3240527535663742
447,draw_3,166,0.19100182220487305
448,draw_30,159,0.5895129290267705
449,draw_30,166,0.46556541564179665
450,draw_300,159,0.2871197151645314
451,draw_300,166,0.18170937784228264
452,draw_301,159,0.47334790469498716
453,draw_301,166,0.33234302821001954
454,draw_302,159,0.29479420714749377
455,draw_302,166,0.17742836012100932
456,draw_303,159,0.19227614819026756
457,draw_303,166,0.16183292134560168
458,draw_304,159,0.4045650832947176
459,draw_304,166,0.2926913347254552
460,draw_305,159,0.43037506068061987
461,draw_305,166,0.268687200693892
462,draw_306,159,0.5054113499180332
463,draw_306,166,0.34250480371158726
464,draw_307,159,0.45107215233693276
465,draw_307,166,0.26339996803984406
466,draw_308,159,0.4543283424250408
467,draw_308,166,0.2908627449471051
468,draw_309,159,0.5185603658543141
469,draw_309,166,0.372594934839492
470,draw_31,159,0.3010266229399742
471,draw_31,166,0.19153555625581029
472,draw_310,159,0.44248981199831594
473,draw_310,166,0.29491396542849746
474,draw_311,159,0.36153020549217496
475,draw_311,166,0.2059943972924311
476,draw_312,159,0.4193030002104678
477,draw_312,166,0.2958310188146051
478,draw_313,159,0.35784677619084293
479,draw_313,166,0.2049652544669514
480,draw_314,159,0.30634589720842054
481,draw_314,166,0.17078907245398936
482,draw_315,159,0.429156918379701
483,draw_315,166,0.27229698430161453
484,draw_316,159,0.3790979997411454
485,draw_316,166,0.24586369630012078
486,draw_317,159,0.48704282496878737
487,draw_317,166,0.30170506689476434
488,draw_318,159,0.29941765951570765
489,draw_318,166,0.18468192299704583
490,draw_319,159,0.4942476876587306
491,draw_319,166,0.3558381739264297
492,draw_32,159,0.2451998756928824
493,draw_32,166,0.15800985595480013
494,draw_320,159,0.19511116403719905
495,draw_320,166,0.1407480688097047
496,draw_321,159,0.4099868377089347
497,draw_321,166,0.2971812172118843
498,draw_322,159,0.6409505745058074
499,draw_322,166,0.6234062284905585
500,draw_323,159,0.5472348308161002
501,draw_323,166,0.4566746095885208
502,draw_324,159,0.5351346939135107
503,draw_324,166,0.3373447319364933
504,draw_325,159,0.3958349728872587
505,draw_325,166,0.23170978270539927
506,draw_326,159,0.3442060363058253
507,draw_326,166,0.2052459793693423
508,draw_327,159,0.41013052836824204
509,draw_327,166,0.27912253290911065
510,draw_328,159,0.390110699144041
511,draw_328,166,0.2281532951609208
512,draw_329,159,0.44469073969454825
513,draw_329,166,0.24873289016330666
514,draw_33,159,0.4606561176528383
515,draw_33,166,0.30431817402463646
516,draw_330,159,0.43192613868457347
517,draw_330,166,0.28259566367095296
518,draw_331,159,0.3659994269814313
519,draw_331,166,0.2093301568146585
520,draw_332,159,0.4104393096006559
521,draw_332,166,0.24469473234896102
522,draw_333,159,0.43975326755584954
523,draw_333,166,0.3248212041731962
524,draw_334,159,0.3515404956097255
525,draw_334,166,0.20689036590006005
526,draw_335,159,0.32964627467205987
527,draw_335,166,0.19878886461191536
528,draw_336,159,0.20543769675891704
529,draw_336,166,0.13500668127831653
530,draw_337,159,0.3626160792751773
531,draw_337,166,0.1998963646109466
532,draw_338,159,0.32868485707211426
533,draw_338,166,0.1991553311146531
534,draw_339,159,0.4202650030155782
535,draw_339,166,0.2564464944777467
536,draw_34,159,0.3622442608297614
537,draw_34,166,0.22535234686521569
538,draw_340,159,0.4313061898578227
539,draw_340,166,0.3001800969000318
540,draw_341,159,0.3816607135016457
541,draw_341,166,0.23191657901136495
542,draw_342,159,0.4240537655566001
543,draw_342,166,0.2584571291690791
544,draw_343,159,0.29278761814807314
545,draw_343,166,0.17581337333334635
546,draw_344,159,0.39288349773824804
547,draw_344,166,0.2325761622774633
548,draw_345,159,0.5475177948257198
549,draw_345,166,0.4001533645115642
550,draw_346,159,0.6392305303294336
551,draw_346,166,0.519771703438188
552,draw_347,159,0.31621585931232826
553,draw_347,166,0.19488052573584883
554,draw_348,159,0.5375451953754979
555,draw_348,166,0.38085185512118286
556,draw_349,159,0.4720765274572103
557,draw_349,166,0.3183283318939652
558,draw_35,159,0.6014688066991289
559,draw_35,166,0.4398578017918254
560,draw_350,159,0.4279364229515338
561,draw_350,166,0.27770931338265203
562,draw_351,159,0.2900563581470509
563,draw_351,166,0.16760484619669783
564,draw_352,159,0.3843068654959413
565,draw_352,166,0.2260058576240516
566,draw_353,159,0.48805645659032726
567,draw_353,166,0.31703910354529957
568,draw_354,159,0.4657005698006745
569,draw_354,166,0.3843193846521113
570,draw_355,159,0.33691411180633046
571,draw_355,166,0.21389300390941668
572,draw_356,159,0.4240397082999676
573,draw_356,166,0.2649127689083646
574,draw_357,159,0.4474445964983227
575,draw_357,166,0.31691127646636863
576,draw_358,159,0.39779238676542433
577,draw_358,166,0.22265336198522417
578,draw_359,159,0.4632601385758931
579,draw_359,166,0.29381908603401263
580,draw_36,159,0.3721410858162557
581,draw_36,166,0.23200624489175498
582,draw_360,159,0.5064290608944066
583,draw_360,166,0.3457737733886452
584,draw_361,159,0.4596187689261959
585,draw_361,166,0.2726390234273785
586,draw_362,159,0.43771231800485616
587,draw_362,166,0.26964324818405316
588,draw_363,159,0.5026182372152215
589,draw_363,166,0.3453476396754483
590,draw_364,159,0.521548795114364
591,draw_364,166,0.39358102122696065
592,draw_365,159,0.37656045636278085
593,draw_365,166,0.21720431709577928
594,draw_366,159,0.3523458144246726
595,draw_366,166,0.21005591953681763
596,draw_367,159,0.2783060350665354
597,draw_367,166,0.15826654282211566
598,draw_368,159,0.2576076554495869
599,draw_368,166,0.14632920635373114
600,draw_369,159,0.5383818406834617
601,draw_369,166,0.43153014859979916
602,draw_37,159,0.3585746060110824
603,draw_37,166,0.19108618419324708
604,draw_370,159,0.45180955136981593
605,draw_370,166,0.2823072069039592
606,draw_371,159,0.30598647950785984
607,draw_371,166,0.15927010958788168
608,draw_372,159,0.6484985291639797
609,draw_372,166,0.6208887084988778
610,draw_373,159,0.3112725620353519
611,draw_373,166,0.18444943306938621
612,draw_374,159,0.17381348356721896
613,draw_374,166,0.11117334698316574
614,draw_375,159,0.4585402771876049
615,draw_375,166,0.30130449230937584
616,draw_376,159,0.4940998483733236
617,draw_376,166,0.3764643755705814
618,draw_377,159,0.1739586166116412
619,draw_377,166,0.1327672529060404
620,draw_378,159,0.5438084033261973
621,draw_378,166,0.4132563251879124
622,draw_379,159,0.37652742438127634
623,draw_379,166,0.2283234434922509
624,draw_38,159,0.4205380548428802
625,draw_38,166,0.2676251701261329
626,draw_380,159,0.2854958825986419
627,draw_380,166,0.17865766329922758
628,draw_381,159,0.4183486381706311
629,draw_381,166,0.25437947305644537
630,draw_382,159,0.30438830259283645
631,draw_382,166,0.1825254694422957
632,draw_383,159,0.387467876113329
633,draw_383,166,0.26483849961475153
634,draw_384,159,0.49341900849948944
635,draw_384,166,0.326340246159346
636,draw_385,159,0.4629223346267264
637,draw_385,166,0.29269237220089234
638,draw_386,159,0.22485983441724045
639,draw_386,166,0.19445834790590216
640,draw_387,159,0.2755803147789364
641,draw_387,166,0.16212447486794554
642,draw_388,159,0.34073840626361035
643,draw_388,166,0.213736935604417
644,draw_389,159,0.3958107833320839
645,draw_389,166,0.24189512200780242
646,draw_39,159,0.5301806318495327
647,draw_39,166,0.37321329932232894
648,draw_390,159,0.41564130946393174
649,draw_390,166,0.2786070951555434
650,draw_391,159,0.3374664184372562
651,draw_391,166,0.19786634828954322
652,draw_392,159,0.38559239594866507
653,draw_392,166,0.22576383813228973
654,draw_393,159,0.34603984363621204
655,draw_393,166,0.21737327312769358
656,draw_394,159,0.48181814161148817
657,draw_394,166,0.3416991640951037
658,draw_395,159,0.44220171942998626
659,draw_395,166,0.2867520371464509
660,draw_396,159,0.3841843610431862
661,draw_396,166,0.23530249988876092
662,draw_397,159,0.3322229002047759
663,draw_397,166,0.19026601782094169
664,draw_398,159,0.4190234951787509
665,draw_398,166,0.2760626994708951
666,draw_399,159,0.5023700673948707
667,draw_399,166,0.3781807942869874
668,draw_4,159,0.37887664765150725
669,draw_4,166,0.25782313653390215
670,draw_40,159,0.3332120256783606
671,draw_40,166,0.19270704386094067
672,draw_400,159,0.42300828813012126
673,draw_400,166,0.2825718014574987
674,draw_401,159,0.42788466256802155
675,draw_401,166,0.2617016722339289
676,draw_402,159,0.5746535921585388
677,draw_402,166,0.38092818277470236
678,draw_403,159,0.50928362799329
679,draw_403,166,0.3238451768526413
680,draw_404,159,0.47790240834708597
681,draw_404,166,0.33562132613026163
682,draw_405,159,0.36397381262215134
683,draw_405,166,0.2449246279824014
684,draw_406,159,0.4657406028617801
685,draw_406,166,0.28367872561416974
686,draw_407,159,0.43464089272639883
687,draw_407,166,0.2839587389429338
688,draw_408,159,0.5229679156156274
689,draw_408,166,0.3567361709759435
690,draw_409,159,0.31822491417976206
691,draw_409,166,0.18461608230384338
692,draw_41,159,0.2493851143393228
693,draw_41,166,0.1822581156356466
694,draw_410,159,0.6153040994925872
695,draw_410,166,0.4744494777753233
696,draw_411,159,0.5325046573564912
697,draw_411,166,0.40930547406791173
698,draw_412,159,0.39941369950466227
699,draw_412,166,0.249863110250413
700,draw_413,159,0.5043761036759608
701,draw_413,166,0.3498761717793051
702,draw_414,159,0.4083695898518306
703,draw_414,166,0.2551156145781735
704,draw_415,159,0.4090162496876239
705,draw_415,166,0.278451070875369
706,draw_416,159,0.4205722756093304
707,draw_416,166,0.2562934630698761
708,draw_417,159,0.371079552062511
709,draw_417,166,0.24194375797929593
710,draw_418,159,0.3837098937286333
711,draw_418,166,0.2135993831424064
712,draw_419,159,0.44814247325084217
713,draw_419,166,0.3239104543397328
714,draw_42,159,0.35293973825604935
715,draw_42,166,0.19839005311173258
716,draw_420,159,0.5297545596088811
717,draw_420,166,0.3794463625549138
718,draw_421,159,0.2753796314667908
719,draw_421,166,0.17221453489078473
720,draw_422,159,0.44390405091092994
721,draw_422,166,0.27175122422731507
722,draw_423,159,0.3010744148682801
723,draw_423,166,0.16403608664372904
724,draw_424,159,0.3296011582270751
725,draw_424,166,0.20173347616141307
726,draw_425,159,0.21604888036460496
727,draw_425,166,0.14565083572319013
728,draw_426,159,0.3857437934739617
729,draw_426,166,0.23374983277742623
730,draw_427,159,0.3471270416056868
731,draw_427,166,0.19790466787981528
732,draw_428,159,0.4111695941708426
733,draw_428,166,0.26041783096281823
734,draw_429,159,0.4943516789999275
735,draw_429,166,0.3564208068652775
736,draw_43,159,0.392188489041923
737,draw_43,166,0.27573471933200705
738,draw_430,159,0.35069693971143195
739,draw_430,166,0.19290903516425503
740,draw_431,159,0.34509174109345236
741,draw_431,166,0.222636639727546
742,draw_432,159,0.412311111304091
743,draw_432,166,0.2423646436791965
744,draw_433,159,0.32507005123624305
745,draw_433,166,0.19177174476541115
746,draw_434,159,0.39118227651675563
747,draw_434,166,0.2167247507240666
748,draw_435,159,0.41158609477254404
749,draw_435,166,0.25673338034598997
750,draw_436,159,0.5168273407479542
751,draw_436,166,0.3461410897060983
752,draw_437,159,0.48421669810681084
753,draw_437,166,0.3536586092886299
754,draw_438,159,0.4317036786240202
755,draw_438,166,0.2922276788524867
756,draw_439,159,0.42799152712117866
757,draw_439,166,0.27647773168970385
758,draw_44,159,0.3432223833251338
759,draw_44,166,0.1918304721735673
760,draw_440,159,0.40572554160820345
761,draw_440,166,0.23837829328540314
762,draw_441,159,0.5106610244927611
763,draw_441,166,0.3540503978176008
764,draw_442,159,0.36069043210639656
765,draw_442,166,0.24020014403096046
766,draw_443,159,0.3986206593193424
767,draw_443,166,0.24927431264546918
768,draw_444,159,0.6318871047191112
769,draw_444,166,0.598973390996806
770,draw_445,159,0.38539124412949216
771,draw_445,166,0.20234185500664678
772,draw_446,159,0.32477355967450355
773,draw_446,166,0.2147569680004012
774,draw_447,159,0.47528271633328534
775,draw_447,166,0.29802917700206544
776,draw_448,159,0.4934076051543058
777,draw_448,166,0.3570479906384934
778,draw_449,159,0.45153573947268083
779,draw_449,166,0.3006672062238371
780,draw_45,159,0.4210018232850932
781,draw_45,166,0.2906369259783684
782,draw_450,159,0.25387028187607424
783,draw_450,166,0.17157875399547637
784,draw_451,159,0.4100592286161249
785,draw_451,166,0.2640696993100612
786,draw_452,159,0.4895325892535801
787,draw_452,166,0.3193881756001377
788,draw_453,159,0.4745386277815064
789,draw_453,166,0.316575805751149
790,draw_454,159,0.5869096161060996
791,draw_454,166,0.5450958773334657
792,draw_455,159,0.4410378632929069
793,draw_455,166,0.2918837485026629
794,draw_456,159,0.49596889662871874
795,draw_456,166,0.32271018334071166
796,draw_457,159,0.3044334716140967
797,draw_457,166,0.19983143989956648
798,draw_458,159,0.32698721958376364
799,draw_458,166,0.1978429493950476
800,draw_459,159,0.38068567800179404
801,draw_459,166,0.22347639445584458
802,draw_46,159,0.24322221286414225
803,draw_46,166,0.1631608105765438
804,draw_460,159,0.5174132553181658
805,draw_460,166,0.3407530417233815
806,draw_461,159,0.38019572076739905
807,draw_461,166,0.24844336515583512
808,draw_462,159,0.5368505462660356
809,draw_462,166,0.37505390630488755
810,draw_463,159,0.20404088022619676
811,draw_463,166,0.14743760497398342
812,draw_464,159,0.39729045691274206
813,draw_464,166,0.21705959405996322
814,draw_465,159,0.39801169597087793
815,draw_465,166,0.26617205489094453
816,draw_466,159,0.48620663548797055
817,draw_466,166,0.31982048886736186
818,draw_467,159,0.6123179603327129
819,draw_467,166,0.504815229947981
820,draw_468,159,0.4339090691825306
821,draw_468,166,0.26889598389265096
822,draw_469,159,0.31689609054326895
823,draw_469,166,0.18321378851721792
824,draw_47,159,0.47525481990102625
825,draw_47,166,0.36744898547901655
826,draw_470,159,0.41518857932856995
827,draw_470,166,0.25162552924619236
828,draw_471,159,0.5096655378114124
829,draw_471,166,0.31821488149660654
830,draw_472,159,0.2131399982061209
831,draw_472,166,0.14273490496604752
832,draw_473,159,0.3743981182688251
833,draw_473,166,0.21815573553943704
834,draw_474,159,0.3725027419749086
835,draw_474,166,0.22293702248608385
836,draw_475,159,0.44021638031200233
837,draw_475,166,0.2991424981550957
838,draw_476,159,0.3237448668446226
839,draw_476,166,0.1908602662690895
840,draw_477,159,0.3805932698573771
841,draw_477,166,0.19974872647176165
842,draw_478,159,0.5576432216573227
843,draw_478,166,0.4215909810817559
844,draw_479,159,0.4003786084033782
845,draw_479,166,0.2314357728321357
846,draw_48,159,0.3998305291718143
847,draw_48,166,0.2209520836713187
848,draw_480,159,0.45627688241590264
849,draw_480,166,0.27777162074879236
850,draw_481,159,0.3893019477952802
851,draw_481,166,0.2536331470633098
852,draw_482,159,0.3946520677785567
853,draw_482,166,0.24745774908663495
854,draw_483,159,0.5407600787478672
855,draw_483,166,0.40664582686741774
856,draw_484,159,0.3251360039610242
857,draw_484,166,0.1769909819710122
858,draw_485,159,0.49041603143699397
859,draw_485,166,0.34826071324751595
860,draw_486,159,0.48896414216583894
861,draw_486,166,0.35159896307970523
862,draw_487,159,0.3825729446020834
863,draw_487,166,0.2087665884193148
864,draw_488,159,0.3016771050667026
865,draw_488,166,0.17156859716801187
866,draw_489,159,0.4979450167655149
867,draw_489,166,0.3152887063206471
868,draw_49,159,0.3916460393114032
869,draw_49,166,0.24031797842512626
870,draw_490,159,0.42454490388540533
871,draw_490,166,0.2730103422191293
872,draw_491,159,0.2437086330317733
873,draw_491,166,0.1585863583133287
874,draw_492,159,0.3583933655963293
875,draw_492,166,0.2357955306598555
876,draw_493,159,0.4506997935798948
877,draw_493,166,0.2974288947806186
878,draw_494,159,0.38726492498652215
879,draw_494,166,0.23486059159748593
880,draw_495,159,0.2204652222306295
881,draw_495,166,0.14846326724881026
882,draw_496,159,0.5056572040251384
883,draw_496,166,0.3528791942738463
884,draw_497,159,0.49550097411667066
885,draw_497,166,0.35553831129270574
886,draw_498,159,0.4618443315888036
887,draw_498,166,0.32903498351327815
888,draw_499,159,0.40027231719812206
889,draw_499,166,0.262753959742045
890,draw_5,159,0.2629342512651803
891,draw_5,166,0.16347207203366004
892,draw_50,159,0.44749534209114855
893,draw_50,166,0.26339370420717956
894,draw_500,159,0.5548897008035213
895,draw_500,166,0.4070563707982516
896,draw_501,159,0.3392313670086115
897,draw_501,166,0.2093069018334781
898,draw_502,159,0.5073760570216428
899,draw_502,166,0.32314026338803514
900,draw_503,159,0.46589200143605547
901,draw_503,166,0.29699409060078574
902,draw_504,159,0.340148356105108
903,draw_504,166,0.198634944090801
904,draw_505,159,0.3397646112763932
905,draw_505,166,0.20025595067144117
906,draw_506,159,0.2761673953347009
907,draw_506,166,0.16803460070791773
908,draw_507,159,0.4568683176977748
909,draw_507,166,0.31232240265294536
910,draw_508,159,0.28067000046070484
911,draw_508,166,0.16994386471560272
912,draw_509,159,0.44779457055683985
913,draw_509,166,0.2799460669318851
914,draw_51,159,0.36704739162151095
915,draw_51,166,0.21410456208533932
916,draw_510,159,0.39564710989573304
917,draw_510,166,0.2651427690448671
918,draw_511,159,0.5324658748368355
919,draw_511,166,0.38413800342564036
920,draw_512,159,0.3612714011222896
921,draw_512,166,0.23600877417984614
922,draw_513,159,0.2759821838067419
923,draw_513,166,0.16105765375034284
924,draw_514,159,0.470306291383488
925,draw_514,166,0.3155927854306779
926,draw_515,159,0.46816755044710917
927,draw_515,166,0.3753190911799557
928,draw_516,159,0.30106095780393394
929,draw_516,166,0.17605599610985365
930,draw_517,159,0.46339563240913956
931,draw_517,166,0.29961733428709664
932,draw_518,159,0.24522176331610263
933,draw_518,166,0.1443945976032819
934,draw_519,159,0.4156283686463011
935,draw_519,166,0.26349579504474185
936,draw_52,159,0.498851340355512
937,draw_52,166,0.4413736632690801
938,draw_520,159,0.44024230659631614
939,draw_520,166,0.26219669696906067
940,draw_521,159,0.4257717449406012
941,draw_521,166,0.2817321644347632
942,draw_522,159,0.47628812535608095
943,draw_522,166,0.30162319332331367
944,draw_523,159,0.3123383926752449
945,draw_523,166,0.1782152898574719
946,draw_524,159,0.4564783789321487
947,draw_524,166,0.309306426276272
948,draw_525,159,0.282074035027077
949,draw_525,166,0.1679769320855713
950,draw_526,159,0.34242460913835276
951,draw_526,166,0.2050624052023975
952,draw_527,159,0.22414274175674162
953,draw_527,166,0.22692803560801372
954,draw_528,159,0.39903348917722314
955,draw_528,166,0.2508509505355795
956,draw_529,159,0.5011822128236508
957,draw_529,166,0.32426127445047753
958,draw_53,159,0.4015957685656333
959,draw_53,166,0.26156520070974926
960,draw_530,159,0.41417181211799575
961,draw_530,166,0.2722900637359263
962,draw_531,159,0.40392146870769724
963,draw_531,166,0.24772302915603894
964,draw_532,159,0.2451633708925187
965,draw_532,166,0.1535636652325579
966,draw_533,159,0.38957427850831594
967,draw_533,166,0.2503553489458202
968,draw_534,159,0.4114199307585409
969,draw_534,166,0.2536189105983889
970,draw_535,159,0.44305244733997895
971,draw_535,166,0.2815437990628426
972,draw_536,159,0.6027509940742695
973,draw_536,166,0.5037172047732233
974,draw_537,159,0.23488965503111647
975,draw_537,166,0.1502210278409776
976,draw_538,159,0.5191551818919865
977,draw_538,166,0.3563890699699272
978,draw_539,159,0.49221068972134463
979,draw_539,166,0.33863895007540196
980,draw_54,159,0.3774608504423397
981,draw_54,166,0.24288426352791376
982,draw_540,159,0.24775669815960058
983,draw_540,166,0.15008292297469056
984,draw_541,159,0.5104855074349597
985,draw_541,166,0.33930127395067894
986,draw_542,159,0.3235949951943413
987,draw_542,166,0.21525883234276522
988,draw_543,159,0.3944465133016504
989,draw_543,166,0.23283675865035586
990,draw_544,159,0.3175903942782017
991,draw_544,166,0.19506215240107067
992,draw_545,159,0.41972239604401246
993,draw_545,166,0.25152397502203594
994,draw_546,159,0.3239449474297394
995,draw_546,166,0.18942350683313552
996,draw_547,159,0.22693534042058375
997,draw_547,166,0.13879055797795467
998,draw_548,159,0.4331846923324826
999,draw_548,166,0.2938030424018736
1000,draw_549,159,0.1981133012269563
1001,draw_549,166,0.14339137911216254
1002,draw_55,159,0.48348051567787076
1003,draw_55,166,0.3537824531513974
1004,draw_550,159,0.43031604715333743
1005,draw_550,166,0.25456112229144334
1006,draw_551,159,0.3708139832990574
1007,draw_551,166,0.25240907206999263
1008,draw_552,159,0.35983125345187106
1009,draw_552,166,0.23178795315316442
1010,draw_553,159,0.4119273992881879
1011,draw_553,166,0.26274381466536223
1012,draw_554,159,0.18963325389310964
1013,draw_554,166,0.12142575199450831
1014,draw_555,159,0.3619680407714458
1015,draw_555,166,0.21275795478990592
1016,draw_556,159,0.4559477376103643
1017,draw_556,166,0.27231319073381466
1018,draw_557,159,0.3431458735409677
1019,draw_557,166,0.2232251450527595
1020,draw_558,159,0.3740644074488793
1021,draw_558,166,0.21181903623572768
1022,draw_559,159,0.4239690240751017
1023,draw_559,166,0.24907524760666586
1024,draw_56,159,0.31519509221975833
1025,draw_56,166,0.18752983884324545
1026,draw_560,159,0.3313901633863296
1027,draw_560,166,0.18662883911065972
1028,draw_561,159,0.47122734723726484
1029,draw_561,166,0.31722913393429725
1030,draw_562,159,0.3667933289157825
1031,draw_562,166,0.23228293838147476
1032,draw_563,159,0.2571918912271304
1033,draw_563,166,0.15552703036396565
1034,draw_564,159,0.4808738609434861
1035,draw_564,166,0.3309075879511479
1036,draw_565,159,0.36463167030350624
1037,draw_565,166,0.21614681738428068
1038,draw_566,159,0.3012031515966393
1039,draw_566,166,0.18465835469911124
1040,draw_567,159,0.28159451082400255
1041,draw_567,166,0.17510814399206942
1042,draw_568,159,0.4421756386006241
1043,draw_568,166,0.2734528078865176
1044,draw_569,159,0.3804087565048594
1045,draw_569,166,0.2448732356378334
1046,draw_57,159,0.4174307536780778
1047,draw_57,166,0.24764345166528273
1048,draw_570,159,0.3500367205567817
1049,draw_570,166,0.21462549641212705
1050,draw_571,159,0.17951010818539365
1051,draw_571,166,0.14405711984329828
1052,draw_572,159,0.24259978476033542
1053,draw_572,166,0.14996675792843375
1054,draw_573,159,0.39781180533545896
1055,draw_573,166,0.2545485642363144
1056,draw_574,159,0.38789938116363976
1057,draw_574,166,0.22903253395649803
1058,draw_575,159,0.3753219957897315
1059,draw_575,166,0.2330996443506633
1060,draw_576,159,0.492066723254573
1061,draw_576,166,0.2768822419335461
1062,draw_577,159,0.3391300710912548
1063,draw_577,166,0.195265753909396
1064,draw_578,159,0.4833879924058564
1065,draw_578,166,0.3110166105637537
1066,draw_579,159,0.3089884260950914
1067,draw_579,166,0.18509280230851252
1068,draw_58,159,0.37367415051162
1069,draw_58,166,0.2140113493634798
1070,draw_580,159,0.3256241423005432
1071,draw_580,166,0.18198398497771476
1072,draw_581,159,0.4207818161706913
1073,draw_581,166,0.2558290576508873
1074,draw_582,159,0.40395316489564825
1075,draw_582,166,0.25907324067712123
1076,draw_583,159,0.4435098422015522
1077,draw_583,166,0.31385755509715546
1078,draw_584,159,0.328013088972598
1079,draw_584,166,0.22184937232825655
1080,draw_585,159,0.5199411401397921
1081,draw_585,166,0.36618038447947265
1082,draw_586,159,0.31795685246282324
1083,draw_586,166,0.19894238010319726
1084,draw_587,159,0.40410413636045706
1085,draw_587,166,0.2459579333459368
1086,draw_588,159,0.5686458748886791
1087,draw_588,166,0.4531339756556745
1088,draw_589,159,0.5627297434340942
1089,draw_589,166,0.37968192362746866
1090,draw_59,159,0.3679496114597202
1091,draw_59,166,0.20676326480734247
1092,draw_590,159,0.2740496242221469
1093,draw_590,166,0.1578273749551817
1094,draw_591,159,0.29673204701831674
1095,draw_591,166,0.1955749972179178
1096,draw_592,159,0.5674992313587728
1097,draw_592,166,0.44041612280916975
1098,draw_593,159,0.2458353382367779
1099,draw_593,166,0.16380211178351045
1100,draw_594,159,0.44562134912411866
1101,draw_594,166,0.268720525480525
1102,draw_595,159,0.49422301580740374
1103,draw_595,166,0.34220555721333207
1104,draw_596,159,0.4839229193284889
1105,draw_596,166,0.3565584473954214
1106,draw_597,159,0.32007231876907005
1107,draw_597,166,0.203129129762307
1108,draw_598,159,0.28358329794890774
1109,draw_598,166,0.18745116781932994
1110,draw_599,159,0.4939415567850753
1111,draw_599,166,0.34360879916756837
1112,draw_6,159,0.438312227166815
1113,draw_6,166,0.32361566056826957
1114,draw_60,159,0.46683784697081393
1115,draw_60,166,0.3155518084835477
1116,draw_600,159,0.4302512195414027
1117,draw_600,166,0.23690567756442318
1118,draw_601,159,0.38803794541399245
1119,draw_601,166,0.22906550578728357
1120,draw_602,159,0.37390702200427356
1121,draw_602,166,0.22502101696201668
1122,draw_603,159,0.4569147159459016
1123,draw_603,166,0.29414072296101496
1124,draw_604,159,0.35750842227838703
1125,draw_604,166,0.19472713910102382
1126,draw_605,159,0.4667177405948203
1127,draw_605,166,0.28928174970021314
1128,draw_606,159,0.39595899027143755
1129,draw_606,166,0.25352592014365155
1130,draw_607,159,0.4921408525707729
1131,draw_607,166,0.4173108150804665
1132,draw_608,159,0.3337550326915495
1133,draw_608,166,0.2013850591683851
1134,draw_609,159,0.5012779222203616
1135,draw_609,166,0.38023301261305914
1136,draw_61,159,0.40166653923504575
1137,draw_61,166,0.23169144468925332
1138,draw_610,159,0.3955027669220025
1139,draw_610,166,0.2784611627359767
1140,draw_611,159,0.42647566555655564
1141,draw_611,166,0.3071617162003303
1142,draw_612,159,0.35878752767370875
1143,draw_612,166,0.20023624161543724
1144,draw_613,159,0.5248960789805995
1145,draw_613,166,0.3962838731474734
1146,draw_614,159,0.4247397018470959
1147,draw_614,166,0.27545394953170077
1148,draw_615,159,0.3862125539556699
1149,draw_615,166,0.23593954697231861
1150,draw_616,159,0.4448806869216695
1151,draw_616,166,0.267197361253453
1152,draw_617,159,0.12377358730982363
1153,draw_617,166,0.10173868383718744
1154,draw_618,159,0.3628992648935061
1155,draw_618,166,0.2309133550054603
1156,draw_619,159,0.29316867464526125
1157,draw_619,166,0.16158939587050775
1158,draw_62,159,0.5265327275977707
1159,draw_62,166,0.3818613374681354
1160,draw_620,159,0.5157022106884502
1161,draw_620,166,0.35542722516732034
1162,draw_621,159,0.3308595722234633
1163,draw_621,166,0.20254246867494977
1164,draw_622,159,0.4268506268176583
1165,draw_622,166,0.2642161203229334
1166,draw_623,159,0.4443076239975609
1167,draw_623,166,0.29376287102729215
1168,draw_624,159,0.32887475713635306
1169,draw_624,166,0.19130591647855705
1170,draw_625,159,0.20929984747229047
1171,draw_625,166,0.1749043420098631
1172,draw_626,159,0.4343158491215939
1173,draw_626,166,0.28469904578669225
1174,draw_627,159,0.42505000559556966
1175,draw_627,166,0.30222199368138664
1176,draw_628,159,0.24031622304504727
1177,draw_628,166,0.14529047444461354
1178,draw_629,159,0.3406675581352145
1179,draw_629,166,0.2105490854911458
1180,draw_63,159,0.4284116800460122
1181,draw_63,166,0.2838352940660565
1182,draw_630,159,0.44737462132127
1183,draw_630,166,0.2760075624942065
1184,draw_631,159,0.20708000542869534
1185,draw_631,166,0.13794473579651817
1186,draw_632,159,0.44886593845134026
1187,draw_632,166,0.3367030318304821
1188,draw_633,159,0.47176581704546494
1189,draw_633,166,0.3380803686847029
1190,draw_634,159,0.3874235258995476
1191,draw_634,166,0.2146577199761673
1192,draw_635,159,0.4620875432950603
1193,draw_635,166,0.2948866371791863
1194,draw_636,159,0.4637761207183097
1195,draw_636,166,0.29744695647018216
1196,draw_637,159,0.3447521359287337
1197,draw_637,166,0.21109174330194957
1198,draw_638,159,0.3745240226264834
1199,draw_638,166,0.21905035997486677
1200,draw_639,159,0.40978450956948537
1201,draw_639,166,0.27215742755742767
1202,draw_64,159,0.3553424854131382
1203,draw_64,166,0.22192842230794516
1204,draw_640,159,0.3113605492302371
1205,draw_640,166,0.19466170204708774
1206,draw_641,159,0.3490448387966471
1207,draw_641,166,0.19396481245592445
1208,draw_642,159,0.4166763872919917
1209,draw_642,166,0.2601960216818257
1210,draw_643,159,0.2963193129702841
1211,draw_643,166,0.17787864847067938
1212,draw_644,159,0.40027885266624186
1213,draw_644,166,0.26747260130923345
1214,draw_645,159,0.4586647188388601
1215,draw_645,166,0.3167678006000411
1216,draw_646,159,0.3855803127582917
1217,draw_646,166,0.21894067248843938
1218,draw_647,159,0.5549658666755455
1219,draw_647,166,0.4028990224948689
1220,draw_648,159,0.33071871531769076
1221,draw_648,166,0.1940149689473311
1222,draw_649,159,0.37968227565261153
1223,draw_649,166,0.24617054142726305
1224,draw_65,159,0.3862341217488586
1225,draw_65,166,0.24032348996525846
1226,draw_650,159,0.0
1227,draw_650,166,0.0
1228,draw_651,159,0.4426321542156954
1229,draw_651,166,0.2804992577763675
1230,draw_652,159,0.3888622421518583
1231,draw_652,166,0.22612356129523037
1232,draw_653,159,0.4484303572758708
1233,draw_653,166,0.31673534336469955
1234,draw_654,159,0.2620110202766278
1235,draw_654,166,0.14655414266152683
1236,draw_655,159,0.42146488937637455
1237,draw_655,166,0.27526203512658554
1238,draw_656,159,0.4414845157353792
1239,draw_656,166,0.2786243079961337
1240,draw_657,159,0.3991713329095265
1241,draw_657,166,0.24707836855618712
1242,draw_658,159,0.4405268216873854
1243,draw_658,166,0.25724543186885546
1244,draw_659,159,0.43750761053702225
1245,draw_659,166,0.27491055336954523
1246,draw_66,159,0.6368277913085219
1247,draw_66,166,0.5436465581773792
1248,draw_660,159,0.3460565929093774
1249,draw_660,166,0.20010027599414948
1250,draw_661,159,0.38831285175041746
1251,draw_661,166,0.2353859275438854
1252,draw_662,159,0.355985149237498
1253,draw_662,166,0.22027598261898262
1254,draw_663,159,0.2744326879391685
1255,draw_663,166,0.16319346091674916
1256,draw_664,159,0.27457882829213603
1257,draw_664,166,0.17203804132150227
1258,draw_665,159,0.44928180926736566
1259,draw_665,166,0.2690008598247154
1260,draw_666,159,0.2828577266692023
1261,draw_666,166,0.16899925894398096
1262,draw_667,159,0.4464716420288042
1263,draw_667,166,0.30969251838867634
1264,draw_668,159,0.3571782286576325
1265,draw_668,166,0.217068673188807
1266,draw_669,159,0.4316187535105735
1267,draw_669,166,0.2831882676050876
1268,draw_67,159,0.4299220360808375
1269,draw_67,166,0.30269556919391116
1270,draw_670,159,0.506300957206641
1271,draw_670,166,0.3074328999565942
1272,draw_671,159,0.39524190274469356
1273,draw_671,166,0.24614077930318237
1274,draw_672,159,0.44531266794709073
1275,draw_672,166,0.28447482793221296
1276,draw_673,159,0.315704296675775
1277,draw_673,166,0.1831361552783617
1278,draw_674,159,0.3523499730474679
1279,draw_674,166,0.25253888111810374
1280,draw_675,159,0.3296623697220424
1281,draw_675,166,0.19304150875496973
1282,draw_676,159,0.27958247350390353
1283,draw_676,166,0.15964491949344156
1284,draw_677,159,0.34350137103721756
1285,draw_677,166,0.22290355802832956
1286,draw_678,159,0.20654776140347286
1287,draw_678,166,0.1820432674526886
1288,draw_679,159,0.42473656933174425
1289,draw_679,166,0.27428146582275514
1290,draw_68,159,0.49249303570728337
1291,draw_68,166,0.32135440620667
1292,draw_680,159,0.2845913114766695
1293,draw_680,166,0.1677816210707195
1294,draw_681,159,0.4344183954901117
1295,draw_681,166,0.2673169366421848
1296,draw_682,159,0.47767993105110557
1297,draw_682,166,0.2879872925499035
1298,draw_683,159,0.5088330707168026
1299,draw_683,166,0.34749330233012166
1300,draw_684,159,0.5274749805559223
1301,draw_684,166,0.40011034109902693
1302,draw_685,159,0.45387562048147134
1303,draw_685,166,0.31684945275364773
1304,draw_686,159,0.41238826001960643
1305,draw_686,166,0.27446925342061806
1306,draw_687,159,0.25319057689183466
1307,draw_687,166,0.16411989678958547
1308,draw_688,159,0.5163798553625942
1309,draw_688,166,0.4034025872667712
1310,draw_689,159,0.48319290069048154
1311,draw_689,166,0.34811211897262706
1312,draw_69,159,0.32847823108547686
1313,draw_69,166,0.21572971670329125
1314,draw_690,159,0.40780664730792154
1315,draw_690,166,0.2475082598888846
1316,draw_691,159,0.35521319030711035
1317,draw_691,166,0.20591943007175553
1318,draw_692,159,0.4183952743074743
1319,draw_692,166,0.277025547273403
1320,draw_693,159,0.2928006612268522
1321,draw_693,166,0.16322042635329467
1322,draw_694,159,0.3738650381387312
1323,draw_694,166,0.2349760311534898
1324,draw_695,159,0.48726608042347247
1325,draw_695,166,0.3069017454601238
1326,draw_696,159,0.4466938085262826
1327,draw_696,166,0.2651582621409241
1328,draw_697,159,0.33862819719566056
1329,draw_697,166,0.1816065437615375
1330,draw_698,159,0.3542101485640141
1331,draw_698,166,0.22126512705288315
1332,draw_699,159,0.34875630614109016
1333,draw_699,166,0.21412747235122073
1334,draw_7,159,0.44685646070344615
1335,draw_7,166,0.265104775396614
1336,draw_70,159,0.40375449739822633
1337,draw_70,166,0.2535213625908633
1338,draw_700,159,0.32252335607878513
1339,draw_700,166,0.205027043936102
1340,draw_701,159,0.47632102818112226
1341,draw_701,166,0.3285231966509409
1342,draw_702,159,0.3196838827855051
1343,draw_702,166,0.1961552017925577
1344,draw_703,159,0.3700736179626615
1345,draw_703,166,0.22328227985085894
1346,draw_704,159,0.47034885609182386
1347,draw_704,166,0.2984352630635975
1348,draw_705,159,0.4852083693189839
1349,draw_705,166,0.3338479170864714
1350,draw_706,159,0.694253385591276
1351,draw_706,166,0.6392553838243983
1352,draw_707,159,0.5263980970333539
1353,draw_707,166,0.39112578604272497
1354,draw_708,159,0.33707866726140234
1355,draw_708,166,0.19321877783198366
1356,draw_709,159,0.41355567589413034
1357,draw_709,166,0.23035181887058806
1358,draw_71,159,0.352830263671817
1359,draw_71,166,0.22323426326791782
1360,draw_710,159,0.3999320774696282
1361,draw_710,166,0.24652366345084065
1362,draw_711,159,0.355846675686751
1363,draw_711,166,0.22261570084329527
1364,draw_712,159,0.41187544825296385
1365,draw_712,166,0.26869869940143803
1366,draw_713,159,0.44337061489696017
1367,draw_713,166,0.31356886060799083
1368,draw_714,159,0.35566394587087313
1369,draw_714,166,0.20658748069364868
1370,draw_715,159,0.380077849822842
1371,draw_715,166,0.21135447437769436
1372,draw_716,159,0.4653419308641709
1373,draw_716,166,0.3255836579876348
1374,draw_717,159,0.2974699084148817
1375,draw_717,166,0.18997197632098264
1376,draw_718,159,0.3561559893535293
1377,draw_718,166,0.20690161369992113
1378,draw_719,159,0.2567406778812204
1379,draw_719,166,0.15852470467100144
1380,draw_72,159,0.4641788283914339
1381,draw_72,166,0.31996704037158175
1382,draw_720,159,0.5752555670946
1383,draw_720,166,0.39586406889876347
1384,draw_721,159,0.41201555156703157
1385,draw_721,166,0.26506409176209167
1386,draw_722,159,0.5355151937788296
1387,draw_722,166,0.3337850180066371
1388,draw_723,159,0.34720553719605757
1389,draw_723,166,0.1926983866640076
1390,draw_724,159,0.4610462722377549
1391,draw_724,166,0.31849552534765124
1392,draw_725,159,0.4542664356336997
1393,draw_725,166,0.29938963540329777
1394,draw_726,159,0.3484155659151915
1395,draw_726,166,0.19520964859296802
1396,draw_727,159,0.48832334933881233
1397,draw_727,166,0.31912113466728403
1398,draw_728,159,0.3959746466040751
1399,draw_728,166,0.21989572925556228
1400,draw_729,159,0.45547303049657206
1401,draw_729,166,0.3076632793698788
1402,draw_73,159,0.4081683619000808
1403,draw_73,166,0.23553569165988225
1404,draw_730,159,0.39820019738756435
1405,draw_730,166,0.23997797300284326
1406,draw_731,159,0.297199306506829
1407,draw_731,166,0.19562323778603816
1408,draw_732,159,0.46850887074888425
1409,draw_732,166,0.31434564273608323
1410,draw_733,159,0.44093540185336233
1411,draw_733,166,0.2793058090586433
1412,draw_734,159,0.3830507502835891
1413,draw_734,166,0.24390831182070163
1414,draw_735,159,0.35708124069708413
1415,draw_735,166,0.23701423042240585
1416,draw_736,159,0.43012644515383014
1417,draw_736,166,0.2576430217832701
1418,draw_737,159,0.21786714923817055
1419,draw_737,166,0.20407365727679916
1420,draw_738,159,0.27519699542761317
1421,draw_738,166,0.18126445046840953
1422,draw_739,159,0.3372967592664739
1423,draw_739,166,0.19370169131088033
1424,draw_74,159,0.3825802788552031
1425,draw_74,166,0.23223165956936426
1426,draw_740,159,0.41686308435618663
1427,draw_740,166,0.26124357624999656
1428,draw_741,159,0.32880930825632104
1429,draw_741,166,0.20794885032714547
1430,draw_742,159,0.6779808235990303
1431,draw_742,166,0.591626720770333
1432,draw_743,159,0.30287569118413193
1433,draw_743,166,0.19480440091855133
1434,draw_744,159,0.4804451347917291
1435,draw_744,166,0.37450223183992204
1436,draw_745,159,0.3877859781893645
1437,draw_745,166,0.23957971365710742
1438,draw_746,159,0.3416112857594195
1439,draw_746,166,0.2151175182910904
1440,draw_747,159,0.32789627393468473
1441,draw_747,166,0.20630552987947803
1442,draw_748,159,0.4021619216247998
1443,draw_748,166,0.2791370409901374
1444,draw_749,159,0.599355698356175
1445,draw_749,166,0.47179451843260384
1446,draw_75,159,0.3649460672110655
1447,draw_75,166,0.23182561767953094
1448,draw_750,159,0.4895039265260032
1449,draw_750,166,0.3036937797134101
1450,draw_751,159,0.33057017677566436
1451,draw_751,166,0.19626113441599313
1452,draw_752,159,0.5142264961266658
1453,draw_752,166,0.4171309921955135
1454,draw_753,159,0.4573704217710064
1455,draw_753,166,0.3123112133311145
1456,draw_754,159,0.40404235643631786
1457,draw_754,166,0.24933360109906963
1458,draw_755,159,0.38558451683189965
1459,draw_755,166,0.262393369765673
1460,draw_756,159,0.38978496246994876
1461,draw_756,166,0.23351994516147992
1462,draw_757,159,0.3668394994625219
1463,draw_757,166,0.2224536630455971
1464,draw_758,159,0.4725340425643202
1465,draw_758,166,0.34357993358554934
1466,draw_759,159,0.5953908033682802
1467,draw_759,166,0.4941010853661015
1468,draw_76,159,0.37359164260620564
1469,draw_76,166,0.2232897756378923
1470,draw_760,159,0.393562419203535
1471,draw_760,166,0.28378629880132644
1472,draw_761,159,0.3928882771068438
1473,draw_761,166,0.2499933911730029
1474,draw_762,159,0.2651077426565435
1475,draw_762,166,0.1655862928350676
1476,draw_763,159,0.35018014743367537
1477,draw_763,166,0.20072129535592484
1478,draw_764,159,0.43298164332386235
1479,draw_764,166,0.2767241417866596
1480,draw_765,159,0.44514244362141286
1481,draw_765,166,0.2708945206549126
1482,draw_766,159,0.2799388459689566
1483,draw_766,166,0.17161689521993756
1484,draw_767,159,0.4324882027500225
1485,draw_767,166,0.2899826168793024
1486,draw_768,159,0.3121238522313031
1487,draw_768,166,0.18434218844539169
1488,draw_769,159,0.27561062355013355
1489,draw_769,166,0.16759109925030954
1490,draw_77,159,0.29281750213140856
1491,draw_77,166,0.1547124011038861
1492,draw_770,159,0.3506260093903454
1493,draw_770,166,0.21444533514451583
1494,draw_771,159,0.425423666699279
1495,draw_771,166,0.27185887620656174
1496,draw_772,159,0.34094316749460357
1497,draw_772,166,0.2034203242452479
1498,draw_773,159,0.36045263590227705
1499,draw_773,166,0.213715313685649
1500,draw_774,159,0.2500201117909379
1501,draw_774,166,0.17927329302993084
1502,draw_775,159,0.409497677975827
1503,draw_775,166,0.23511204795283464
1504,draw_776,159,0.431885874129849
1505,draw_776,166,0.2773067552823231
1506,draw_777,159,0.5273178864368774
1507,draw_777,166,0.3936376702301375
1508,draw_778,159,0.29441285642109727
1509,draw_778,166,0.2142821155452938
1510,draw_779,159,0.38623798183180785
1511,draw_779,166,0.23786124763392502
1512,draw_78,159,0.19979818017585127
1513,draw_78,166,0.14718704330780275
1514,draw_780,159,0.3806303438075159
1515,draw_780,166,0.21311933167355465
1516,draw_781,159,0.42226175982069697
1517,draw_781,166,0.30443918068852555
1518,draw_782,159,0.43366487268196496
1519,draw_782,166,0.2575642941179302
1520,draw_783,159,0.3750950920871083
1521,draw_783,166,0.2301058506922747
1522,draw_784,159,0.5352740177086718
1523,draw_784,166,0.41099304949193494
1524,draw_785,159,0.5119459941635438
1525,draw_785,166,0.37434173370948737
1526,draw_786,159,0.22068273993252283
1527,draw_786,166,0.12365811079038416
1528,draw_787,159,0.4152582377650592
1529,draw_787,166,0.2625043309699119
1530,draw_788,159,0.43481502163821945
1531,draw_788,166,0.2765856984853323
1532,draw_789,159,0.22223326466139343
1533,draw_789,166,0.16223349109789167
1534,draw_79,159,0.30635640076438425
1535,draw_79,166,0.1975174459419533
1536,draw_790,159,0.1798371639261893
1537,draw_790,166,0.13505395789296842
1538,draw_791,159,0.3385118413314216
1539,draw_791,166,0.19010475853051143
1540,draw_792,159,0.460837427219761
1541,draw_792,166,0.29280064917063475
1542,draw_793,159,0.43706939653692894
1543,draw_793,166,0.257609118734288
1544,draw_794,159,0.4129331857729392
1545,draw_794,166,0.25890062513222334
1546,draw_795,159,0.37190880328410436
1547,draw_795,166,0.2297671995597073
1548,draw_796,159,0.37413975004742683
1549,draw_796,166,0.21488310764916596
1550,draw_797,159,0.30571897742704307
1551,draw_797,166,0.16586901536016666
1552,draw_798,159,0.2962877449405653
1553,draw_798,166,0.1774016016722464
1554,draw_799,159,0.3958941234759341
1555,draw_799,166,0.24081986139898198
1556,draw_8,159,0.3082913828395805
1557,draw_8,166,0.1736470757940419
1558,draw_80,159,0.48829492413698905
1559,draw_80,166,0.31276282997793425
1560,draw_800,159,0.18336496469541635
1561,draw_800,166,0.1804799992696404
1562,draw_801,159,0.3952265593223751
1563,draw_801,166,0.2597795885836676
1564,draw_802,159,0.20093282729601836
1565,draw_802,166,0.18294252675507328
1566,draw_803,159,0.2722092824715285
1567,draw_803,166,0.17715735481350017
1568,draw_804,159,0.4767877360637974
1569,draw_804,166,0.36162014410340787
1570,draw_805,159,0.29952843303988497
1571,draw_805,166,0.18086295061922783
1572,draw_806,159,0.4232892929982134
1573,draw_806,166,0.24432942024997517
1574,draw_807,159,0.367006877440511
1575,draw_807,166,0.22605554898454677
1576,draw_808,159,0.5159628473889364
1577,draw_808,166,0.3602196843446591
1578,draw_809,159,0.2805423990502207
1579,draw_809,166,0.17051188585823987
1580,draw_81,159,0.30299147677008775
1581,draw_81,166,0.16852594582590524
1582,draw_810,159,0.3310892751400925
1583,draw_810,166,0.20577296582963087
1584,draw_811,159,0.28423623785992846
1585,draw_811,166,0.16123045729761348
1586,draw_812,159,0.22597912245790203
1587,draw_812,166,0.14713347584561415
1588,draw_813,159,0.4309317081633902
1589,draw_813,166,0.29385082592709155
1590,draw_814,159,0.39801764044634114
1591,draw_814,166,0.23452974098993815
1592,draw_815,159,0.3425553149312748
1593,draw_815,166,0.22674293705439263
1594,draw_816,159,0.4791349881505088
1595,draw_816,166,0.3034078756136289
1596,draw_817,159,0.4612817853097321
1597,draw_817,166,0.34263613470304716
1598,draw_818,159,0.4451408115203512
1599,draw_818,166,0.26203804991866175
1600,draw_819,159,0.5089913366633143
1601,draw_819,166,0.3656120210756123
1602,draw_82,159,0.3296272674657325
1603,draw_82,166,0.19833956843847378
1604,draw_820,159,0.45091769487858413
1605,draw_820,166,0.2944179505475186
1606,draw_821,159,0.33622571024106646
1607,draw_821,166,0.2159498267404685
1608,draw_822,159,0.41275390645726473
1609,draw_822,166,0.2366125887280772
1610,draw_823,159,0.44454562248230245
1611,draw_823,166,0.23797836060981614
1612,draw_824,159,0.38607239940877924
1613,draw_824,166,0.23417464320912348
1614,draw_825,159,0.33970450799490753
1615,draw_825,166,0.2253541501379898
1616,draw_826,159,0.308019405189886
1617,draw_826,166,0.19227244856637954
1618,draw_827,159,0.2940457684546774
1619,draw_827,166,0.17907568002559962
1620,draw_828,159,0.3451094316805234
1621,draw_828,166,0.2104474422603901
1622,draw_829,159,0.4277770026066436
1623,draw_829,166,0.2591019435949722
1624,draw_83,159,0.3828428620916198
1625,draw_83,166,0.2162710175010789
1626,draw_830,159,0.4474727186660123
1627,draw_830,166,0.2926408819785485
1628,draw_831,159,0.4879848634658631
1629,draw_831,166,0.3469930074781216
1630,draw_832,159,0.309024246763746
1631,draw_832,166,0.19420873117500595
1632,draw_833,159,0.4368600923313458
1633,draw_833,166,0.25013659003374294
1634,draw_834,159,0.2915533250505097
1635,draw_834,166,0.1835135399766667
1636,draw_835,159,0.3340387488753498
1637,draw_835,166,0.2161758120628478
1638,draw_836,159,0.5320399222912087
1639,draw_836,166,0.397286967011971
1640,draw_837,159,0.3542254291509508
1641,draw_837,166,0.19352081209043198
1642,draw_838,159,0.3460331479050386
1643,draw_838,166,0.19865660423121564
1644,draw_839,159,0.5559500147245002
1645,draw_839,166,0.36363978011759607
1646,draw_84,159,0.37797083839300527
1647,draw_84,166,0.23261372234012348
1648,draw_840,159,0.3833912675070399
1649,draw_840,166,0.23036993535336336
1650,draw_841,159,0.44526022757157097
1651,draw_841,166,0.26469518432156103
1652,draw_842,159,0.37669416755589225
1653,draw_842,166,0.22488068006841147
1654,draw_843,159,0.31433074576698555
1655,draw_843,166,0.18163537511973096
1656,draw_844,159,0.42297603642538373
1657,draw_844,166,0.2825413144354491
1658,draw_845,159,0.5192872926657431
1659,draw_845,166,0.36511239622034647
1660,draw_846,159,0.41659273140927006
1661,draw_846,166,0.2754234443617298
1662,draw_847,159,0.1756094811845099
1663,draw_847,166,0.1728144295008891
1664,draw_848,159,0.3312343636157329
1665,draw_848,166,0.1868059938712653
1666,draw_849,159,0.5209991953157351
1667,draw_849,166,0.3751422219020839
1668,draw_85,159,0.3812949532979982
1669,draw_85,166,0.22321020831972535
1670,draw_850,159,0.44600420929324447
1671,draw_850,166,0.27243612594351396
1672,draw_851,159,0.5040578535940963
1673,draw_851,166,0.40895872054107424
1674,draw_852,159,0.37878033214362583
1675,draw_852,166,0.2580570076356076
1676,draw_853,159,0.27805885641872424
1677,draw_853,166,0.15017785673492387
1678,draw_854,159,0.32649947944358454
1679,draw_854,166,0.1944722005511128
1680,draw_855,159,0.22148935714081136
1681,draw_855,166,0.1440527225814953
1682,draw_856,159,0.3256955656715185
1683,draw_856,166,0.1967645922410364
1684,draw_857,159,0.48203197135685216
1685,draw_857,166,0.3251256449655645
1686,draw_858,159,0.30418029996790336
1687,draw_858,166,0.1862332704287033
1688,draw_859,159,0.4387562171390846
1689,draw_859,166,0.2558381984815406
1690,draw_86,159,0.46042198509984944
1691,draw_86,166,0.2917559409224784
1692,draw_860,159,0.4304518151839878
1693,draw_860,166,0.2679689124425552
1694,draw_861,159,0.22823839410223765
1695,draw_861,166,0.1456170526837161
1696,draw_862,159,0.4697754021433385
1697,draw_862,166,0.3126297821966185
1698,draw_863,159,0.4429221601165044
1699,draw_863,166,0.2708842233415215
1700,draw_864,159,0.4647224712070381
1701,draw_864,166,0.32804458268521985
1702,draw_865,159,0.47750973910348055
1703,draw_865,166,0.312697735580311
1704,draw_866,159,0.30904468387372735
1705,draw_866,166,0.19081197494450958
1706,draw_867,159,0.44711822887094477
1707,draw_867,166,0.29725898921497385
1708,draw_868,159,0.313406662213109
1709,draw_868,166,0.19452269000790628
1710,draw_869,159,0.4847013271512076
1711,draw_869,166,0.31580695894865357
1712,draw_87,159,0.24771533557925854
1713,draw_87,166,0.17161433034632942
1714,draw_870,159,0.558416045862949
1715,draw_870,166,0.358554727161518
1716,draw_871,159,0.4879907033308323
1717,draw_871,166,0.3072358322299614
1718,draw_872,159,0.360753444045921
1719,draw_872,166,0.2158981989769829
1720,draw_873,159,0.45107112906658914
1721,draw_873,166,0.28006597292267243
1722,draw_874,159,0.403725099331247
1723,draw_874,166,0.25955998073254916
1724,draw_875,159,0.3086448413166184
1725,draw_875,166,0.17853345479630775
1726,draw_876,159,0.3448551927625945
1727,draw_876,166,0.20208938184715175
1728,draw_877,159,0.199026231558575
1729,draw_877,166,0.12261969557357204
1730,draw_878,159,0.4543690820294908
1731,draw_878,166,0.2895146717190104
1732,draw_879,159,0.3778364671458752
1733,draw_879,166,0.22585370606637892
1734,draw_88,159,0.3148186870114965
1735,draw_88,166,0.1839495557405539
1736,draw_880,159,0.4381711892142147
1737,draw_880,166,0.29851332600329783
1738,draw_881,159,0.43779638987616504
1739,draw_881,166,0.27984744150802277
1740,draw_882,159,0.3551819308982451
1741,draw_882,166,0.21949301311261196
1742,draw_883,159,0.4220260787735513
1743,draw_883,166,0.25058894892242967
1744,draw_884,159,0.22015516227951432
1745,draw_884,166,0.13124129029913986
1746,draw_885,159,0.4055724750281371
1747,draw_885,166,0.2437451821868501
1748,draw_886,159,0.498814657279586
1749,draw_886,166,0.3196481272774285
1750,draw_887,159,0.2439609649767434
1751,draw_887,166,0.171341392133103
1752,draw_888,159,0.1892536052154545
1753,draw_888,166,0.14637867543206534
1754,draw_889,159,0.44630341338798557
1755,draw_889,166,0.3022654319316141
1756,draw_89,159,0.24923906189047287
1757,draw_89,166,0.14119202673394432
1758,draw_890,159,0.4624792247663209
1759,draw_890,166,0.2925415676641062
1760,draw_891,159,0.4264726195344218
1761,draw_891,166,0.2565530613834214
1762,draw_892,159,0.5370181432998142
1763,draw_892,166,0.39200826127613914
1764,draw_893,159,0.4522563742657091
1765,draw_893,166,0.3028334638143868
1766,draw_894,159,0.3348716573483382
1767,draw_894,166,0.20484470607071148
1768,draw_895,159,0.30028160990445046
1769,draw_895,166,0.19513425363190748
1770,draw_896,159,0.3463538423451819
1771,draw_896,166,0.2186456773458898
1772,draw_897,159,0.41342360416889085
1773,draw_897,166,0.26409622493333706
1774,draw_898,159,0.3066590159629915
1775,draw_898,166,0.18246054797602826
1776,draw_899,159,0.379646991748187
1777,draw_899,166,0.23061331863345014
1778,draw_9,159,0.5789515870211488
1779,draw_9,166,0.4613743698425557
1780,draw_90,159,0.47647449495736993
1781,draw_90,166,0.29760036252506084
1782,draw_900,159,0.4238028467526773
1783,draw_900,166,0.31058271223767603
1784,draw_901,159,0.3598405765057352
1785,draw_901,166,0.22773794693877542
1786,draw_902,159,0.3564933809851651
1787,draw_902,166,0.21905566968692483
1788,draw_903,159,0.3684170130413692
1789,draw_903,166,0.2131428150568573
1790,draw_904,159,0.4124805220872708
1791,draw_904,166,0.2521007883096085
1792,draw_905,159,0.38123266547464635
1793,draw_905,166,0.224691167445579
1794,draw_906,159,0.4167661570706349
1795,draw_906,166,0.25777308095887597
1796,draw_907,159,0.2918213365877346
1797,draw_907,166,0.1886027569905865
1798,draw_908,159,0.45524722809821255
1799,draw_908,166,0.30343749960659294
1800,draw_909,159,0.3984545237823723
1801,draw_909,166,0.2591951350941918
1802,draw_91,159,0.4305902313827202
1803,draw_91,166,0.2692576241413218
1804,draw_910,159,0.4340303232511477
1805,draw_910,166,0.27055135554517734
1806,draw_911,159,0.41071137771687144
1807,draw_911,166,0.27874006796930023
1808,draw_912,159,0.3366421793121686
1809,draw_912,166,0.20656721935486783
1810,draw_913,159,0.4927677952810953
1811,draw_913,166,0.37860775456437895
1812,draw_914,159,0.4248507783700482
1813,draw_914,166,0.28399089978164804
1814,draw_915,159,0.4642464513473216
1815,draw_915,166,0.3579186254212973
1816,draw_916,159,0.39597603759543176
1817,draw_916,166,0.2352446168876302
1818,draw_917,159,0.3031126302589698
1819,draw_917,166,0.1844955036115548
1820,draw_918,159,0.46608288738179104
1821,draw_918,166,0.28446257910835065
1822,draw_919,159,0.4567230623756851
1823,draw_919,166,0.28042128881248796
1824,draw_92,159,0.43510072209972217
1825,draw_92,166,0.3055820700244383
1826,draw_920,159,0.3634448461037584
1827,draw_920,166,0.24422859060794871
1828,draw_921,159,0.3890786178803035
1829,draw_921,166,0.2597551692904713
1830,draw_922,159,0.31214678720724987
1831,draw_922,166,0.19308895512560192
1832,draw_923,159,0.5014412438854493
1833,draw_923,166,0.30997658786318677
1834,draw_924,159,0.41695321253098333
1835,draw_924,166,0.22648833402764176
1836,draw_925,159,0.5841411788164738
1837,draw_925,166,0.45345101191486165
1838,draw_926,159,0.23266954849738672
1839,draw_926,166,0.13660187269738133
1840,draw_927,159,0.3671546712338527
1841,draw_927,166,0.20812984097938644
1842,draw_928,159,0.3408494053039765
1843,draw_928,166,0.2145871933327915
1844,draw_929,159,0.4171572955918625
1845,draw_929,166,0.263895484041175
1846,draw_93,159,0.30374502726341046
1847,draw_93,166,0.16068481203920287
1848,draw_930,159,0.36852139637562414
1849,draw_930,166,0.18710948496430452
1850,draw_931,159,0.4627283817749223
1851,draw_931,166,0.2772845121712989
1852,draw_932,159,0.4210995895414932
1853,draw_932,166,0.2316740287787421
1854,draw_933,159,0.3706455797794476
1855,draw_933,166,0.2337973610834756
1856,draw_934,159,0.5427496897728962
1857,draw_934,166,0.4108014224559434
1858,draw_935,159,0.338924809958867
1859,draw_935,166,0.19253694215543957
1860,draw_936,159,0.3400600182399154
1861,draw_936,166,0.23089892519934865
1862,draw_937,159,0.36966864731631904
1863,draw_937,166,0.2038255092875648
1864,draw_938,159,0.38737072875459744
1865,draw_938,166,0.22032930230001826
1866,draw_939,159,0.36614106458672363
1867,draw_939,166,0.2125182444272351
1868,draw_94,159,0.2333705682222918
1869,draw_94,166,0.137214422891504
1870,draw_940,159,0.39340624123467105
1871,draw_940,166,0.24281293640820636
1872,draw_941,159,0.40413288453732915
1873,draw_941,166,0.24731211773674724
1874,draw_942,159,0.41341224216092703
1875,draw_942,166,0.25725027798994504
1876,draw_943,159,0.3275020583743968
1877,draw_943,166,0.2052385534257073
1878,draw_944,159,0.46102886537368687
1879,draw_944,166,0.2916008222154804
1880,draw_945,159,0.4726234554134118
1881,draw_945,166,0.30459616052316707
1882,draw_946,159,0.3078736890232531
1883,draw_946,166,0.17258418329630693
1884,draw_947,159,0.4705173247118786
1885,draw_947,166,0.3047069471244539
1886,draw_948,159,0.3819989219967266
1887,draw_948,166,0.2514221051630703
1888,draw_949,159,0.4242767199140553
1889,draw_949,166,0.2760988452339293
1890,draw_95,159,0.4814235883048738
1891,draw_95,166,0.35545239103443627
1892,draw_950,159,0.2506484512092209
1893,draw_950,166,0.14557662924247566
1894,draw_951,159,0.15744643316088694
1895,draw_951,166,0.16444777525981025
1896,draw_952,159,0.21527395879136804
1897,draw_952,166,0.1492732412721014
1898,draw_953,159,0.3754870870528542
1899,draw_953,166,0.2362674044737821
1900,draw_954,159,0.48198206677493216
1901,draw_954,166,0.320725997931044
1902,draw_955,159,0.40586409778669036
1903,draw_955,166,0.25652468361081476
1904,draw_956,159,0.5294085801956159
1905,draw_956,166,0.3827825632175242
1906,draw_957,159,0.2748776104139573
1907,draw_957,166,0.1796660627393971
1908,draw_958,159,0.2759790421899799
1909,draw_958,166,0.17280665044464288
1910,draw_959,159,0.3234900971005729
1911,draw_959,166,0.20260694710782712
1912,draw_96,159,0.5326579359951753
1913,draw_96,166,0.399335539370984
1914,draw_960,159,0.30056043678692324
1915,draw_960,166,0.19012738666101803
1916,draw_961,159,0.26111578899669957
1917,draw_961,166,0.16411955745775872
1918,draw_962,159,0.4717306981079634
1919,draw_962,166,0.32825032440308083
1920,draw_963,159,0.48444307431365297
1921,draw_963,166,0.3008342845423039
1922,draw_964,159,0.37590468437830576
1923,draw_964,166,0.18933095200944874
1924,draw_965,159,0.4975116562574611
1925,draw_965,166,0.38013771964876203
1926,draw_966,159,0.6027124678722348
1927,draw_966,166,0.4977770410819664
1928,draw_967,159,0.5065691771332982
1929,draw_967,166,0.363485482601991
1930,draw_968,159,0.47290216737312984
1931,draw_968,166,0.3239856160033794
1932,draw_969,159,0.3249753225202392
1933,draw_969,166,0.2025394661426234
1934,draw_97,159,0.3430584887289606
1935,draw_97,166,0.1883827949024789
1936,draw_970,159,0.3560564134175091
1937,draw_970,166,0.19382001917451974
1938,draw_971,159,0.4603091867379439
1939,draw_971,166,0.30863669679914196
1940,draw_972,159,0.3255202620631597
1941,draw_972,166,0.1918595884082821
1942,draw_973,159,0.37068331849181574
1943,draw_973,166,0.22443962931436848
1944,draw_974,159,0.446971340075144
1945,draw_974,166,0.36084615464041325
1946,draw_975,159,0.2551796838341292
1947,draw_975,166,0.15290922845700983
1948,draw_976,159,0.35685040896448506
1949,draw_976,166,0.19778023503014455
1950,draw_977,159,0.18080714781508467
1951,draw_977,166,0.14935845114669039
1952,draw_978,159,0.4659859078875202
1953,draw_978,166,0.3359210030004075
1954,draw_979,159,0.5696092589798386
1955,draw_979,166,0.4129314565941281
1956,draw_98,159,0.3391728303721485
1957,draw_98,166,0.1962950286707197
1958,draw_980,159,0.311205877266437
1959,draw_980,166,0.17357771396237207
1960,draw_981,159,0.419268853381194
1961,draw_981,166,0.2569119811301581
1962,draw_982,159,0.48420605289401114
1963,draw_982,166,0.3366308520721486
1964,draw_983,159,0.34337800857969547
1965,draw_983,166,0.20107268456324512
1966,draw_984,159,0.4789244031938147
1967,draw_984,166,0.31951158015145326
1968,draw_985,159,0.2990716205745555
1969,draw_985,166,0.15471173712645214
1970,draw_986,159,0.2037513370092719
1971,draw_986,166,0.1311192440111298
1972,draw_987,159,0.25855601641024356
1973,draw_987,166,0.14811840977742743
1974,draw_988,159,0.4216523410123224
1975,draw_988,166,0.2694397921958287
1976,draw_989,159,0.5762679529381391
1977,draw_989,166,0.4873996236917876
1978,draw_99,159,0.3697903662121112
1979,draw_99,166,0.2133902541893723
1980,draw_990,159,0.37382449903471787
1981,draw_990,166,0.24397803744543436
1982,draw_991,159,0.29946489844836577
1983,draw_991,166,0.19253515829951962
1984,draw_992,159,0.4638440940919622
1985,draw_992,166,0.292049208334029
1986,draw_993,159,0.5728251518159267
1987,draw_993,166,0.3987786024597411
1988,draw_994,159,0.5019495952511048
1989,draw_994,166,0.358897583310594
1990,draw_995,159,0.47266292051492237
1991,draw_995,166,0.33681097692880496
1992,draw_996,159,0.5309229717374215
1993,draw_996,166,0.3794975370416139
1994,draw_997,159,0.3963577973861238
1995,draw_997,166,0.24405952063940567
1996,draw_998,159,0.49288833042802926
1997,draw_998,166,0.36717910977092255
1998,draw_999,159,0.2604972303392241
1999,draw_999,166,0.1511536266067804
